candidate_id,effort,mode,replicate,round,d0_score_mae_R,fixed_prefix_score_mae_R,blind_formula,blind_status,blind_mae_R,blind_reason,review_formula,review_status,review_mae_R,review_reason,final_formula,final_status,final_mae_R,final_reason,paired_final_minus_blind_pp,paired_review_minus_blind_pp
high/agent/replicate-1/round-1/h1,high,agent,1,1,0.5756181684880872,0.5756181684880872,log10(1 + q_Vol / (1 + q_AV)),scored,0.5580804596859734,,log10(1 + q_Vol / (1 + q_AV)),scored,0.5580804596859734,,log10(1 + q_Vol / (1 + q_AV)),scored,0.5580804596859734,,0.0,0.0
high/agent/replicate-1/round-1/h2,high,agent,1,1,0.5756181684880872,0.5756181684880872,"rotor_case(0, log10(1 + q_PMI1), log10(1 + (q_PMI2 + q_PMI3)/2))",scored,0.5838203966064366,,"rotor_case(0, log10(1 + (q_PMI2 + q_PMI3)/2), log10(1 + (q_PMI1 + q_PMI2 + q_PMI3)/3))",scored,0.601497263945402,,"rotor_case(0, log10(1 + (q_PMI2 + q_PMI3)/2), log10(1 + (q_PMI1 + q_PMI2 + q_PMI3)/3))",scored,0.601497263945402,,-3.070936309289078,-3.070936309289078
high/agent/replicate-1/round-1/h3,high,agent,1,1,0.5756181684880872,0.5756181684880872,log10(1 + q_GeDi / q_lsd_f),scored,0.5844875085536116,,log10(1 + q_GeDi / q_lsd_f),scored,0.5844875085536116,,log10(1 + q_GeDi / q_lsd_f),scored,0.5844875085536116,,0.0,0.0
high/agent/replicate-1/round-2/h1,high,agent,1,2,0.5756181684880872,0.5580804596859734,log10(1 + q_Vol / q_lsd_p),scored,0.5694487871099362,,log10(1 + q_Vol / q_lsd_p),scored,0.5694487871099362,,log10(1 + q_Vol / q_lsd_p),scored,0.5694487871099362,,0.0,0.0
high/agent/replicate-1/round-2/h2,high,agent,1,2,0.5756181684880872,0.5580804596859734,log10(1 + q_PBF * q_Vol / (1 + q_ASA)),scored,0.5533077017957758,,log10(1 + q_PBF * q_Vol / (1 + q_ASA)),scored,0.5533077017957758,,log10(1 + q_PBF * q_Vol / (1 + q_ASA)),scored,0.5533077017957758,,0.0,0.0
high/agent/replicate-1/round-2/h3,high,agent,1,2,0.5756181684880872,0.5580804596859734,"rotor_case(0, log10(1 + (q_PMI3 - q_PMI1)/(1 + q_PMI2)), log10(1 + (q_PMI3 - q_PMI1)/(1 + q_PMI2)))",scored,0.5500717110777814,,"rotor_case(0, log10(1 + (q_PMI3 - q_PMI1)/(1 + q_PMI2 + abs(q_PMI3 - q_PMI1))), log10(1 + (q_PMI3 - q_PMI1)/(1 + q_PMI2 + abs(q_PMI3 - q_PMI1))))",scored,0.5684634644606349,,"rotor_case(0, log10(1 + (q_PMI3 - q_PMI1)/(1 + q_PMI2 + abs(q_PMI3 - q_PMI1))), log10(1 + (q_PMI3 - q_PMI1)/(1 + q_PMI2 + abs(q_PMI3 - q_PMI1))))",scored,0.5684634644606349,,-3.195130798452918,-3.195130798452918
high/rag_agent/replicate-1/round-2/h1,high,rag_agent,1,2,0.5756181684880872,0.552654751802484,"rotor_case(1.0, (q_PMI1 * q_PMI2) ** 0.25, (q_PMI1 * q_PMI2 * q_PMI3) ** 0.33333333)",scored,0.5553445511539326,,"rotor_case(1.0, exp(-((q_PMI1 * q_PMI2) ** 0.5)), exp(-((q_PMI1 * q_PMI2 * q_PMI3) ** 0.33333333)))",scored,0.5566731406779816,,"rotor_case(1.0, exp(-((q_PMI1 * q_PMI2) ** 0.5)), exp(-((q_PMI1 * q_PMI2 * q_PMI3) ** 0.33333333)))",scored,0.5566731406779816,,-0.23081090847752028,-0.23081090847752028
high/rag_agent/replicate-1/round-2/h2,high,rag_agent,1,2,0.5756181684880872,0.552654751802484,(q_AV ** 0.25) * (q_density ** (-0.125)),scored,0.534708297755343,,(q_AV ** 0.25) * (q_density ** (-0.125)),scored,0.534708297755343,,(q_AV ** 0.25) * (q_density ** (-0.125)),scored,0.534708297755343,,0.0,0.0
high/rag_agent/replicate-1/round-2/h3,high,rag_agent,1,2,0.5756181684880872,0.552654751802484,(q_ASA ** 0.25) * (q_LabuteASA ** (-0.25)),scored,0.5704421516448827,,(q_ASA ** 0.25) * (q_LabuteASA ** (-0.25)),scored,0.5704421516448827,,(q_ASA ** 0.25) * (q_LabuteASA ** (-0.25)),scored,0.5704421516448827,,0.0,0.0
high/rag_agent/replicate-1/round-3/h1,high,rag_agent,1,3,0.5756181684880872,0.534708297755343,(q_GeDi ** 0.25) * (q_lsd_f ** (-0.25)),scored,0.5704607969458103,,(q_GeDi ** 0.25) * (q_lsd_f ** (-0.25)),scored,0.5704607969458103,,(q_GeDi ** 0.25) * (q_lsd_f ** (-0.25)),scored,0.5704607969458103,,0.0,0.0
high/rag_agent/replicate-1/round-3/h2,high,rag_agent,1,3,0.5756181684880872,0.534708297755343,q_PBF ** 0.25,scored,0.5728698057672232,,q_PBF ** 0.25,scored,0.5728698057672232,,q_PBF ** 0.25,scored,0.5728698057672232,,0.0,0.0
high/rag_agent/replicate-1/round-3/h3,high,rag_agent,1,3,0.5756181684880872,0.534708297755343,q_lsd_p ** 0.25,scored,0.5641557139961907,,q_lsd_p ** 0.25,scored,0.5641557139961907,,q_lsd_p ** 0.25,scored,0.5641557139961907,,0.0,0.0
high/rag_agent/replicate-2/round-1/h1,high,rag_agent,2,1,0.5756181684880872,0.5756181684880872,log((q_Vol**(0.3333333333)) / q_lsd_f),scored,0.5683535796430516,,log((q_Vol**(0.3333333333)) / q_lsd_f),scored,0.5683535796430516,,log((q_Vol**(0.3333333333)) / q_lsd_f),scored,0.5683535796430516,,0.0,0.0
high/rag_agent/replicate-2/round-1/h2,high,rag_agent,2,1,0.5756181684880872,0.5756181684880872,"rotor_case(0.0, log(q_PMI3), log(q_PMI3))",scored,0.5908397610866222,,"rotor_case(0.0, log(q_PMI3), log(q_PMI3))",scored,0.5908397610866222,,"rotor_case(0.0, log(q_PMI3), log(q_PMI3))",scored,0.5908397610866222,,0.0,0.0
high/rag_agent/replicate-2/round-1/h3,high,rag_agent,2,1,0.5756181684880872,0.5756181684880872,log(q_LabuteASA / (q_Vol**(0.6666666667))),scored,0.59449327465877,,log(q_LabuteASA / (q_Vol**(0.6666666667))),scored,0.59449327465877,,log(q_LabuteASA / (q_Vol**(0.6666666667))),scored,0.59449327465877,,0.0,0.0
high/rag_agent/replicate-2/round-2/h1,high,rag_agent,2,2,0.5756181684880872,0.5683535796430516,log((q_Vol**(0.3333333333)) / q_lsd_f),rejected,,Redundant with a current input,log((q_Vol**(0.3333333333)) / q_lsd_f),rejected,,Redundant with a current input,(Vol**(0.3333333333))/lsd_f,scored,0.5654000397562122,,,
high/rag_agent/replicate-2/round-2/h2,high,rag_agent,2,2,0.5756181684880872,0.5683535796430516,log(q_lsd_p / q_lsd_f),scored,0.5401601675419045,,log(q_lsd_p / q_lsd_f),scored,0.5401601675419045,,log(q_lsd_p / q_lsd_f),scored,0.5401601675419045,,0.0,0.0
high/rag_agent/replicate-2/round-2/h3,high,rag_agent,2,2,0.5756181684880872,0.5683535796430516,log(1.0 + q_PBF),scored,0.5695032623737745,,log(1.0 + q_PBF/(q_Vol**(0.3333333333))),scored,0.5705082429782952,,log(1.0 + q_PBF/(q_Vol**(0.3333333333))),scored,0.5705082429782952,,-0.17459153646250808,-0.17459153646250808
high/rag_agent/replicate-2/round-3/h1,high,rag_agent,2,3,0.5756181684880872,0.5401601675419045,log((q_Vol**(0.3333333333)) / q_lsd_f),rejected,,Redundant with a current input,log((q_Vol**(0.3333333333)) / q_lsd_f),rejected,,Redundant with a current input,(q_Vol**(0.3333333333)) / q_lsd_f,scored,0.5570785470032653,,,
high/rag_agent/replicate-2/round-3/h2,high,rag_agent,2,3,0.5756181684880872,0.5401601675419045,log(q_lsd_p / q_lsd_f),rejected,,Redundant with a current input,log(q_lsd_p / q_lsd_f),rejected,,Redundant with a current input,q_lsd_p / q_lsd_f,scored,0.5672080910363319,,,
high/rag_agent/replicate-2/round-3/h3,high,rag_agent,2,3,0.5756181684880872,0.5401601675419045,"rotor_case(0.0, log(q_GeDi / q_lsd_f), log(q_GeDi / q_lsd_f))",scored,0.553229882941922,,"rotor_case(0.0, log(q_GeDi / q_lsd_f), log(q_GeDi / q_lsd_f))",scored,0.553229882941922,,"rotor_case(0.0, log(q_GeDi / q_lsd_f), log(q_GeDi / q_lsd_f))",scored,0.553229882941922,,0.0,0.0
high/rag_agent/replicate-3/round-1/h1,high,rag_agent,3,1,0.5756181684880872,0.5756181684880872,log(1 + q_GeDi),rejected,,Wrong physical variable mapping: GeDi requires heavy_atom_pair_distance,log(1 + q_GeDi),scored,0.5922394327577561,,log(1 + q_GeDi),scored,0.5922394327577561,,,
high/rag_agent/replicate-3/round-1/h2,high,rag_agent,3,1,0.5756181684880872,0.5756181684880872,1 / q_lsd_f**2,rejected,,Wrong physical variable mapping: lsd_f requires bottleneck_free_sphere_Df,1 / q_lsd_f**2,scored,0.5532867424065556,,1 / q_lsd_f**2,scored,0.5532867424065556,,,
high/rag_agent/replicate-3/round-1/h3,high,rag_agent,3,1,0.5756181684880872,0.5756181684880872,q_Vol / (q_AV + 1),rejected,,Wrong physical variable mapping: AV requires probe_accessible_specific_volume,q_Vol / (q_AV + 1),scored,0.5747228278904395,,q_Vol / (q_AV + 1),scored,0.5747228278904395,,,
high/rag_agent/replicate-3/round-2/h1,high,rag_agent,3,2,0.5756181684880872,0.5532867424065556,(lsd_p / lsd_f)**2,scored,0.5563926623275716,,q_Vol * (lsd_p / lsd_f)**2,scored,0.5504140967972061,,q_Vol * (lsd_p / lsd_f)**2,scored,0.5504140967972061,,1.038633917005904,1.038633917005904
high/rag_agent/replicate-3/round-2/h2,high,rag_agent,3,2,0.5756181684880872,0.5532867424065556,1 / q_lsd_f**2,rejected,,Redundant with a current input,1 / (1 + q_AV),scored,0.5659214196218136,,1 / (1 + q_AV),scored,0.5659214196218136,,,
high/rag_agent/replicate-3/round-2/h3,high,rag_agent,3,2,0.5756181684880872,0.5532867424065556,q_Vol * q_density,scored,0.561403837800355,,q_Vol * q_density,scored,0.561403837800355,,q_Vol * q_density,scored,0.561403837800355,,0.0,0.0
high/rag_agent/replicate-3/round-3/h1,high,rag_agent,3,3,0.5756181684880872,0.5504140967972061,q_Vol * PBF**2,scored,0.5751174960246535,,q_Vol * PBF**2,scored,0.5751174960246535,,q_Vol * PBF**2,scored,0.5751174960246535,,0.0,0.0
high/rag_agent/replicate-3/round-3/h2,high,rag_agent,3,3,0.5756181684880872,0.5504140967972061,q_GeDi / lsd_p,rejected,,Formula contradicts its predeclared proxy direction,q_GeDi / q_lsd_p,scored,0.5635490735626443,,q_GeDi / q_lsd_p,scored,0.5635490735626443,,,
high/rag_agent/replicate-3/round-3/h3,high,rag_agent,3,3,0.5756181684880872,0.5504140967972061,sqrt(q_PMI3),scored,0.5410460678659323,,sqrt(q_PMI3),scored,0.5410460678659323,,sqrt(q_PMI3),scored,0.5410460678659323,,0.0,0.0
high/small_kg_rag_agent/replicate-1/round-1/h1,high,small_kg_rag_agent,1,1,0.5756181684880872,0.5756181684880872,log(lsd_p / lsd_f),scored,0.5567470467287312,,log(lsd_p / lsd_f),scored,0.5567470467287312,,log(lsd_p / lsd_f),scored,0.5567470467287312,,0.0,0.0
high/small_kg_rag_agent/replicate-1/round-1/h2,high,small_kg_rag_agent,1,1,0.5756181684880872,0.5756181684880872,exp(-(AV / AV_ref)),scored,0.5743509654367187,,exp(-(AV / AV_ref)),scored,0.5743509654367187,,exp(-(AV / AV_ref)),scored,0.5743509654367187,,0.0,0.0
high/small_kg_rag_agent/replicate-1/round-1/h3,high,small_kg_rag_agent,1,1,0.5756181684880872,0.5756181684880872,"rotor_case(1, log(1 + PMI2 / PMI2_ref), log(1 + (PMI1 / PMI1_ref) * (PMI2 / PMI2_ref) * (PMI3 / PMI3_ref)))",scored,0.5883655464908831,,"rotor_case(1, log(1 + PMI2 / PMI2_ref), log(1 + (PMI1 / PMI1_ref) * (PMI2 / PMI2_ref) * (PMI3 / PMI3_ref)))",scored,0.5883655464908831,,"rotor_case(1, log(1 + PMI2 / PMI2_ref), log(1 + (PMI1 / PMI1_ref) * (PMI2 / PMI2_ref) * (PMI3 / PMI3_ref)))",scored,0.5883655464908831,,0.0,0.0
high/small_kg_rag_agent/replicate-1/round-2/h1,high,small_kg_rag_agent,1,2,0.5756181684880872,0.5567470467287312,log(lsd_p / lsd_f),rejected,,Redundant with a current input,log(lsd_p / lsd_f),rejected,,Redundant with a current input,log(1 + (lsd_p - lsd_f) / lsd_f_ref),scored,0.5708491059080542,,,
high/small_kg_rag_agent/replicate-1/round-2/h2,high,small_kg_rag_agent,1,2,0.5756181684880872,0.5567470467287312,log(1 + LabuteASA / LabuteASA_ref) - log(1 + ASA / ASA_ref),scored,0.5322994111110325,,log(1 + LabuteASA / LabuteASA_ref) - log(1 + ASA / ASA_ref),scored,0.5322994111110325,,log(1 + LabuteASA / LabuteASA_ref) - log(1 + ASA / ASA_ref),scored,0.5322994111110325,,0.0,0.0
high/small_kg_rag_agent/replicate-1/round-2/h3,high,small_kg_rag_agent,1,2,0.5756181684880872,0.5567470467287312,"rotor_case(0.0, log(1 + PMI2 / PMI2_ref), log(1 + (PMI1 + PMI2 + PMI3) / (PMI1_ref + PMI2_ref + PMI3_ref)))",scored,0.5660774746030686,,"rotor_case(0.0, log(1 + PMI2 / PMI2_ref), log(1 + (PMI1 + PMI2 + PMI3) / (PMI1_ref + PMI2_ref + PMI3_ref)))",scored,0.5660774746030686,,"rotor_case(0.0, log(1 + PMI2 / PMI2_ref), log(1 + (PMI1 + PMI2 + PMI3) / (PMI1_ref + PMI2_ref + PMI3_ref)))",scored,0.5660774746030686,,0.0,0.0
high/agent/replicate-1/round-3/h1,high,agent,1,3,0.5756181684880872,0.5533077017957758,"rotor_case(0, log10(1 + q_PMI2 / q_lsd_f), log10(1 + (q_PMI1 + q_PMI2 + q_PMI3) / (3 * q_lsd_f)))",scored,0.5748981110722359,,"rotor_case(0, log10(1 + q_PMI2 / q_lsd_f), log10(1 + (q_PMI1 + q_PMI2 + q_PMI3) / (3 * q_lsd_f)))",scored,0.5748981110722359,,"rotor_case(0, log10(1 + q_PMI2 / q_lsd_f), log10(1 + (q_PMI1 + q_PMI2 + q_PMI3) / (3 * q_lsd_f)))",scored,0.5748981110722359,,0.0,0.0
high/agent/replicate-1/round-3/h2,high,agent,1,3,0.5756181684880872,0.5533077017957758,log10(1 + q_GeDi**3 / (1 + q_Vol)),scored,0.5696548791804477,,log10(1 + q_GeDi**3 / (1 + q_Vol)),scored,0.5696548791804477,,log10(1 + q_GeDi**3 / (1 + q_Vol)),scored,0.5696548791804477,,0.0,0.0
high/agent/replicate-1/round-3/h3,high,agent,1,3,0.5756181684880872,0.5533077017957758,log10(1 + q_Vol * q_density / q_lsd_p),scored,0.5772348591048594,,log10(1 + q_Vol * q_density / q_lsd_p),scored,0.5772348591048594,,log10(1 + q_Vol * q_density / q_lsd_p),scored,0.5772348591048594,,0.0,0.0
high/small_kg_rag_agent/replicate-1/round-3/h1,high,small_kg_rag_agent,1,3,0.5756181684880872,0.5322994111110325,log(1 + Vol / Vol_ref) - log(1 + AV / AV_ref),scored,0.5615602620856918,,log(1 + Vol / Vol_ref) - log(1 + AV / AV_ref),scored,0.5615602620856918,,log(1 + Vol / Vol_ref) - log(1 + AV / AV_ref),scored,0.5615602620856918,,0.0,0.0
high/small_kg_rag_agent/replicate-1/round-3/h2,high,small_kg_rag_agent,1,3,0.5756181684880872,0.5322994111110325,log(1 + GeDi / GeDi_ref) - log(1 + lsd_p / lsd_p_ref),scored,0.575616215786693,,log(1 + GeDi / GeDi_ref) - log(1 + lsd_p / lsd_p_ref),scored,0.575616215786693,,log(1 + GeDi / GeDi_ref) - log(1 + lsd_p / lsd_p_ref),scored,0.575616215786693,,0.0,0.0
high/small_kg_rag_agent/replicate-1/round-3/h3,high,small_kg_rag_agent,1,3,0.5756181684880872,0.5322994111110325,(PBF / PBF_ref) * log(1 + SPAN / SPAN_ref),scored,0.5913341854732451,,(PBF / PBF_ref) * log(1 + SPAN / SPAN_ref),scored,0.5913341854732451,,(PBF / PBF_ref) * log(1 + SPAN / SPAN_ref),scored,0.5913341854732451,,0.0,0.0
high/small_kg_rag_agent/replicate-2/round-1/h1,high,small_kg_rag_agent,2,1,0.5756181684880872,0.5756181684880872,log(q_Vol) - 2.0 * log(q_lsd_f),scored,0.5563299108978513,,2.0 * log(q_lsd_f) - log(q_Vol),scored,0.5753313438945024,,2.0 * log(q_lsd_f) - log(q_Vol),scored,0.5753313438945024,,-3.301048166453813,-3.301048166453813
high/small_kg_rag_agent/replicate-2/round-1/h2,high,small_kg_rag_agent,2,1,0.5756181684880872,0.5756181684880872,q_PMI3 * q_Vol,scored,0.5685872567910154,,q_PMI3 * q_Vol,scored,0.5685872567910154,,q_PMI3 * q_Vol,scored,0.5685872567910154,,0.0,0.0
high/small_kg_rag_agent/replicate-2/round-1/h3,high,small_kg_rag_agent,2,1,0.5756181684880872,0.5756181684880872,log(q_lsd_p / q_lsd_f),scored,0.5567470467287312,,log(q_lsd_p / q_lsd_f),scored,0.5567470467287312,,log(q_lsd_p / q_lsd_f),scored,0.5567470467287312,,0.0,0.0
high/small_kg_rag_agent/replicate-2/round-2/h1,high,small_kg_rag_agent,2,2,0.5756181684880872,0.5567470467287312,q_AV / q_Vol,scored,0.5630408549324148,,q_AV / q_Vol,scored,0.5630408549324148,,q_AV / q_Vol,scored,0.5630408549324148,,0.0,0.0
high/small_kg_rag_agent/replicate-2/round-2/h2,high,small_kg_rag_agent,2,2,0.5756181684880872,0.5567470467287312,"rotor_case(1.0, log(1.0 + q_PMI2), log(1.0 + q_PMI3))",scored,0.5840050158579284,,"rotor_case(1.0, log(1.0 + q_PMI2), log(1.0 + q_PMI3))",scored,0.5840050158579284,,"rotor_case(1.0, log(1.0 + q_PMI2), log(1.0 + q_PMI3))",scored,0.5840050158579284,,0.0,0.0
high/small_kg_rag_agent/replicate-2/round-2/h3,high,small_kg_rag_agent,2,2,0.5756181684880872,0.5567470467287312,log(q_lsd_p / q_lsd_f),rejected,,Redundant with a current input,q_GeDi / q_lsd_p,scored,0.5569959300707128,,q_GeDi / q_lsd_p,scored,0.5569959300707128,,,
high/small_kg_rag_agent/replicate-2/round-3/h1,high,small_kg_rag_agent,2,3,0.5756181684880872,0.5567470467287312,q_GeDi / q_lsd_f,scored,0.5667142117810549,,q_GeDi / q_lsd_f,scored,0.5667142117810549,,q_GeDi / q_lsd_f,scored,0.5667142117810549,,0.0,0.0
high/small_kg_rag_agent/replicate-2/round-3/h2,high,small_kg_rag_agent,2,3,0.5756181684880872,0.5567470467287312,log(1.0 + q_PMI3) - log(1.0 + q_PMI1),scored,0.5326273592170881,,log(1.0 + q_PMI3) - log(1.0 + q_PMI1),scored,0.5326273592170881,,log(1.0 + q_PMI3) - log(1.0 + q_PMI1),scored,0.5326273592170881,,0.0,0.0
high/small_kg_rag_agent/replicate-2/round-3/h3,high,small_kg_rag_agent,2,3,0.5756181684880872,0.5567470467287312,log(q_lsd_p / q_lsd_f),rejected,,Redundant with a current input,q_Vol / (q_lsd_p ** 3),scored,0.5449407110085466,,q_Vol / (q_lsd_p ** 3),scored,0.5449407110085466,,,
high/small_kg_rag_agent/replicate-3/round-1/h1,high,small_kg_rag_agent,3,1,0.5756181684880872,0.5756181684880872,log((q_MW * q_Vol) / q_lsd_f**2),scored,0.6015519020478156,,log(q_lsd_f**2 / q_Vol),rejected,,Formula contradicts its predeclared proxy direction,log(q_Vol / q_lsd_f**2),scored,0.5563299108978513,,7.85624805220167,
high/small_kg_rag_agent/replicate-3/round-1/h2,high,small_kg_rag_agent,3,1,0.5756181684880872,0.5756181684880872,"rotor_case(0.0, log(q_PMI2 * q_PMI3), log(q_PMI2 * q_PMI3) + abs(log(q_PMI3 / q_PMI2)))",scored,0.5913201927319349,,"rotor_case(0.0, log(q_PMI2 * q_PMI3), log(q_PMI2 * q_PMI3) + abs(log(q_PMI3 / q_PMI2)))",scored,0.5913201927319349,,"rotor_case(0.0, log(q_PMI2 * q_PMI3), log(q_PMI2 * q_PMI3) + abs(log(q_PMI3 / q_PMI2)))",scored,0.5913201927319349,,0.0,0.0
high/small_kg_rag_agent/replicate-3/round-1/h3,high,small_kg_rag_agent,3,1,0.5756181684880872,0.5756181684880872,q_lsd_p / q_lsd_f,scored,0.5711411849744262,,q_lsd_p / q_lsd_f,scored,0.5711411849744262,,q_lsd_p / q_lsd_f,scored,0.5711411849744262,,0.0,0.0
high/small_kg_rag_agent/replicate-3/round-2/h1,high,small_kg_rag_agent,3,2,0.5756181684880872,0.5563299108978513,log(q_Vol) * q_density,scored,0.5563699919315107,,log(q_Vol) * q_density,scored,0.5563699919315107,,log(q_Vol) * q_density,scored,0.5563699919315107,,0.0,0.0
high/small_kg_rag_agent/replicate-3/round-2/h2,high,small_kg_rag_agent,3,2,0.5756181684880872,0.5563299108978513,"rotor_case(0.0, q_PMI2, sqrt(q_PMI2 * q_PMI3))",rejected,,Redundant with a current input,"rotor_case(0.0, sqrt(q_PMI2 * q_PMI3) / q_GeDi**2, sqrt(q_PMI2 * q_PMI3) / q_GeDi**2)",scored,0.5539467352280899,,"rotor_case(0.0, sqrt(q_PMI2 * q_PMI3) / q_GeDi**2, sqrt(q_PMI2 * q_PMI3) / q_GeDi**2)",scored,0.5539467352280899,,,
high/small_kg_rag_agent/replicate-3/round-2/h3,high,small_kg_rag_agent,3,2,0.5756181684880872,0.5563299108978513,exp(-q_AV),rejected,,Formula contradicts its predeclared proxy direction,exp(-q_AV),scored,0.5383015165258531,,exp(-q_AV),scored,0.5383015165258531,,,
high/small_kg_rag_agent/replicate-3/round-3/h1,high,small_kg_rag_agent,3,3,0.5756181684880872,0.5383015165258531,log(q_LabuteASA / q_Vol**(2/3)),scored,0.5794794535938298,,log(q_LabuteASA / q_Vol**(2/3)),scored,0.5794794535938298,,log(q_LabuteASA / q_Vol**(2/3)),scored,0.5794794535938298,,0.0,0.0
high/small_kg_rag_agent/replicate-3/round-3/h2,high,small_kg_rag_agent,3,3,0.5756181684880872,0.5383015165258531,q_MW * exp(-q_lsd_f),scored,0.5757911060204748,,q_MW * exp(-q_lsd_f),scored,0.5757911060204748,,q_MW * exp(-q_lsd_f),scored,0.5757911060204748,,0.0,0.0
high/small_kg_rag_agent/replicate-3/round-3/h3,high,small_kg_rag_agent,3,3,0.5756181684880872,0.5383015165258531,"rotor_case(0.0, sqrt(q_PMI2 * q_PMI3), (q_PMI1 * q_PMI2 * q_PMI3)**(1/3))",scored,0.5955774225881829,,"rotor_case(0.0, sqrt(q_PMI2 * q_PMI3), (q_PMI1 * q_PMI2 * q_PMI3)**(1/3))",scored,0.5955774225881829,,"rotor_case(0.0, sqrt(q_PMI2 * q_PMI3), (q_PMI1 * q_PMI2 * q_PMI3)**(1/3))",scored,0.5955774225881829,,0.0,0.0
low/agent/replicate-1/round-1/h1,low,agent,1,1,0.5756181684880872,0.5756181684880872,(MW / MW_ref) * (lsd_f_ref / lsd_f) ** 2,scored,0.5767831355004635,,(MW / MW_ref) * (lsd_f_ref / lsd_f) ** 2,scored,0.5767831355004635,,(MW / MW_ref) * (lsd_f_ref / lsd_f) ** 2,scored,0.5767831355004635,,0.0,0.0
low/agent/replicate-1/round-1/h2,low,agent,1,1,0.5756181684880872,0.5756181684880872,log(AV_ref / AV) * (Vol / Vol_ref),rejected,,Formula undefined on observed training support; use a justified finite proxy or explicit rotor branches,-log(AV / AV_ref + 1) * (Vol / Vol_ref),scored,0.5584265575961604,,-log(AV / AV_ref + 1) * (Vol / Vol_ref),scored,0.5584265575961604,,,
low/agent/replicate-1/round-1/h3,low,agent,1,1,0.5756181684880872,0.5756181684880872,"rotor_case(PBF / PBF_ref, (PMI2 / PMI2_ref) * (PMI3 / PMI3_ref) ** 0.5, log(SPAN / SPAN_ref + 1) * (LabuteASA / LabuteASA_ref))",rejected,,Formula contradicts its predeclared proxy direction,"rotor_case(PBF / PBF_ref, (PMI2 / PMI2_ref) * (PMI3 / PMI3_ref) ** 0.5, log(SPAN / SPAN_ref + 1) * (LabuteASA / LabuteASA_ref))",scored,0.5926732957404575,,"rotor_case(PBF / PBF_ref, (PMI2 / PMI2_ref) * (PMI3 / PMI3_ref) ** 0.5, log(SPAN / SPAN_ref + 1) * (LabuteASA / LabuteASA_ref))",scored,0.5926732957404575,,,
low/agent/replicate-1/round-2/h1,low,agent,1,2,0.5756181684880872,0.5584265575961604,(Vol / Vol_ref) * (lsd_p_ref / lsd_p),rejected,,Formula contradicts its predeclared proxy direction,(Vol / Vol_ref) * (lsd_p_ref / lsd_p),scored,0.5414036303153957,,(Vol / Vol_ref) * (lsd_p_ref / lsd_p),scored,0.5414036303153957,,,
low/agent/replicate-1/round-2/h2,low,agent,1,2,0.5756181684880872,0.5584265575961604,log(LabuteASA / LabuteASA_ref + 1) * (density / density_ref) ** 2,scored,0.5542729969750821,,log(LabuteASA / LabuteASA_ref + 1) * (density / density_ref) ** 2,scored,0.5542729969750821,,log(LabuteASA / LabuteASA_ref + 1) * (density / density_ref) ** 2,scored,0.5542729969750821,,0.0,0.0
low/agent/replicate-1/round-2/h3,low,agent,1,2,0.5756181684880872,0.5584265575961604,"rotor_case(SPAN / SPAN_ref, (PMI2 / PMI2_ref) * (PMI3 / PMI3_ref) ** -0.5, (PMI3 / PMI3_ref) ** 0.5 * (GeDi / GeDi_ref))",rejected,,Formula contradicts its predeclared proxy direction,"rotor_case(SPAN / SPAN_ref, (PMI2 / PMI2_ref) ** -0.5 * (PMI3 / PMI3_ref) ** 0.5, (PMI3 / PMI3_ref) ** 0.5 * (GeDi / GeDi_ref))",scored,0.5595257469576751,,"rotor_case(SPAN / SPAN_ref, (PMI2 / PMI2_ref) ** -0.5 * (PMI3 / PMI3_ref) ** 0.5, (PMI3 / PMI3_ref) ** 0.5 * (GeDi / GeDi_ref))",scored,0.5595257469576751,,,
low/agent/replicate-1/round-3/h1,low,agent,1,3,0.5756181684880872,0.5414036303153957,log(SPAN / SPAN_ref + 1) * (lsd_f_ref / lsd_f),scored,0.5991707200621547,,-log(SPAN / SPAN_ref + 1) * (lsd_f_ref / lsd_f),scored,0.6014089787938295,,-log(SPAN / SPAN_ref + 1) * (lsd_f_ref / lsd_f),scored,0.6014089787938295,,-0.3888443510311379,-0.3888443510311379
low/agent/replicate-1/round-3/h2,low,agent,1,3,0.5756181684880872,0.5414036303153957,(Vol / Vol_ref) * (AV_ref / (AV + AV_ref)),scored,0.6005932447553521,,-(Vol / Vol_ref) * (AV_ref / (AV + AV_ref)),scored,0.6027873577533093,,-(Vol / Vol_ref) * (AV_ref / (AV + AV_ref)),scored,0.6027873577533093,,-0.3811750771731487,-0.3811750771731487
low/agent/replicate-1/round-3/h3,low,agent,1,3,0.5756181684880872,0.5414036303153957,"rotor_case(0, (PMI2 / PMI2_ref) * (lsd_p_ref / lsd_p) ** 2, (PMI2 * PMI3 / (PMI2_ref * PMI3_ref)) ** 0.25 * (lsd_p_ref / lsd_p))",scored,0.5819643529920984,,"rotor_case(0, -(PMI2 / PMI2_ref) * (lsd_p_ref / lsd_p) ** 2, -(PMI2 * PMI3 / (PMI2_ref * PMI3_ref)) ** 0.25 * (lsd_p_ref / lsd_p))",scored,0.5864809432004748,,"rotor_case(0, -(PMI2 / PMI2_ref) * (lsd_p_ref / lsd_p) ** 2, -(PMI2 * PMI3 / (PMI2_ref * PMI3_ref)) ** 0.25 * (lsd_p_ref / lsd_p))",scored,0.5864809432004748,,-0.7846503907685366,-0.7846503907685366
high/agent/replicate-2/round-1/h1,high,agent,2,1,0.5756181684880872,0.5756181684880872,log(1 + q_AV) + 0.5 * log(1 + q_lsd_f),scored,0.5598545615210313,,log(1 + q_AV) + 0.5 * log(1 + q_lsd_f),scored,0.5598545615210313,,log(1 + q_AV) + 0.5 * log(1 + q_lsd_f),scored,0.5598545615210313,,0.0,0.0
high/agent/replicate-2/round-1/h2,high,agent,2,1,0.5756181684880872,0.5756181684880872,log(1 + q_PMI3) - log(1 + q_PMI1),scored,0.5518815302202968,,log(1 + q_PMI3) - log(1 + q_PMI1),scored,0.5518815302202968,,log(1 + q_PMI3) - log(1 + q_PMI1),scored,0.5518815302202968,,0.0,0.0
high/agent/replicate-2/round-1/h3,high,agent,2,1,0.5756181684880872,0.5756181684880872,log(1 + q_Vol) - log(1 + q_lsd_f),scored,0.5710764755810546,,log(1 + q_Vol) - log(1 + q_lsd_f),scored,0.5710764755810546,,log(1 + q_Vol) - log(1 + q_lsd_f),scored,0.5710764755810546,,0.0,0.0
low/agent/replicate-2/round-1/h1,low,agent,2,1,0.5756181684880872,0.5756181684880872,q_Vol * exp(-(q_lsd_f)),scored,0.5650407196744283,,q_Vol * exp(-(q_lsd_f)),scored,0.5650407196744283,,q_Vol * exp(-(q_lsd_f)),scored,0.5650407196744283,,0.0,0.0
low/agent/replicate-2/round-1/h2,low,agent,2,1,0.5756181684880872,0.5756181684880872,"rotor_case(0, log1p_stub_rejected, log((q_PMI3 * q_PMI2 + 1) ) / (q_PMI2 + 1))",rejected,,Unsupported formula symbol or syntax,"rotor_case(0, 1, log(q_PMI2 * q_PMI3 + 1) / (q_PMI2 + 1))",scored,0.6144714964284369,,"rotor_case(0, 1, log(q_PMI2 * q_PMI3 + 1) / (q_PMI2 + 1))",scored,0.6144714964284369,,,
low/agent/replicate-2/round-1/h3,low,agent,2,1,0.5756181684880872,0.5756181684880872,q_AV / (q_LabuteASA ** 0.5),scored,0.5589472281479846,,q_AV / (q_LabuteASA ** 0.5),scored,0.5589472281479846,,q_AV / (q_LabuteASA ** 0.5),scored,0.5589472281479846,,0.0,0.0
low/agent/replicate-2/round-2/h1,low,agent,2,2,0.5756181684880872,0.5589472281479846,q_lsd_f / (q_Vol ** (1/3)),scored,0.541021960298961,,(q_Vol ** (1/3)) / q_lsd_f,scored,0.5561499305612405,,(q_Vol ** (1/3)) / q_lsd_f,scored,0.5561499305612405,,-2.6281259158331456,-2.6281259158331456
low/agent/replicate-2/round-2/h2,low,agent,2,2,0.5756181684880872,0.5589472281479846,q_PBF * q_LabuteASA,scored,0.5617749482182599,,exp(-(q_PBF * q_LabuteASA)),scored,0.5620334166645267,,exp(-(q_PBF * q_LabuteASA)),scored,0.5620334166645267,,-0.04490276026999774,-0.04490276026999774
low/agent/replicate-2/round-2/h3,low,agent,2,2,0.5756181684880872,0.5589472281479846,q_ASA / q_LabuteASA,scored,0.5699615300303187,,q_LabuteASA * exp(-q_ASA),scored,0.5427064658888284,,q_LabuteASA * exp(-q_ASA),scored,0.5427064658888284,,4.73492075711893,4.73492075711893
low/agent/replicate-2/round-3/h1,low,agent,2,3,0.5756181684880872,0.5427064658888284,(q_Vol ** (1/3)) / q_lsd_p,scored,0.5647975657076881,,q_lsd_p / (q_Vol ** (1/3)),scored,0.5698081759466911,,q_lsd_p / (q_Vol ** (1/3)),scored,0.5698081759466911,,-0.8704746502640409,-0.8704746502640409
low/agent/replicate-2/round-3/h2,low,agent,2,3,0.5756181684880872,0.5427064658888284,log(q_PMI2 + 1) / q_LabuteASA,rejected,,Nonlinear rotor expressions require explicit single-site/linear/nonlinear branches,"rotor_case(0, log(q_PMI2 + 1) / q_LabuteASA, log(q_PMI2 + 1) / q_LabuteASA)",scored,0.5381875503173331,,"rotor_case(0, log(q_PMI2 + 1) / q_LabuteASA, log(q_PMI2 + 1) / q_LabuteASA)",scored,0.5381875503173331,,,
low/agent/replicate-2/round-3/h3,low,agent,2,3,0.5756181684880872,0.5427064658888284,(q_ASA * q_density) / q_LabuteASA,scored,0.5746166765536692,,q_LabuteASA / (q_ASA * q_density + 1),scored,0.5743931364374424,,q_LabuteASA / (q_ASA * q_density + 1),scored,0.5743931364374424,,0.03883479161437454,0.03883479161437454
low/agent/replicate-3/round-1/h1,low,agent,3,1,0.5756181684880872,0.5756181684880872,log(lsd_f / lsd_f_ref) - log(lsd_p / lsd_p_ref),rejected,,Formula contradicts its predeclared proxy direction,log(lsd_p / lsd_p_ref) - log(lsd_f / lsd_f_ref),scored,0.5567470467287312,,log(lsd_p / lsd_p_ref) - log(lsd_f / lsd_f_ref),scored,0.5567470467287312,,,
low/agent/replicate-3/round-1/h2,low,agent,3,1,0.5756181684880872,0.5756181684880872,log(SPAN / SPAN_ref) + log(GeDi / GeDi_ref) - log(Vol / Vol_ref),rejected,,Formula undefined on observed training support; use a justified finite proxy or explicit rotor branches,log(1 + SPAN / SPAN_ref) + log(1 + GeDi / GeDi_ref) - log(Vol / Vol_ref),scored,0.5696417921692338,,log(1 + SPAN / SPAN_ref) + log(1 + GeDi / GeDi_ref) - log(Vol / Vol_ref),scored,0.5696417921692338,,,
low/agent/replicate-3/round-1/h3,low,agent,3,1,0.5756181684880872,0.5756181684880872,log((AV / AV_ref) / (density / density_ref)),rejected,,Formula undefined on observed training support; use a justified finite proxy or explicit rotor branches,log(1 + AV / AV_ref) - log(density / density_ref),scored,0.5613196697298557,,log(1 + AV / AV_ref) - log(density / density_ref),scored,0.5613196697298557,,,
low/agent/replicate-3/round-2/h1,low,agent,3,2,0.5756181684880872,0.5567470467287312,log(lsd_p / lsd_p_ref) - log(lsd_f / lsd_f_ref),rejected,,Redundant with a current input,log(lsd_p / lsd_p_ref) - log(lsd_f / lsd_f_ref) + log(1 + Vol / Vol_ref),scored,0.5618800534759607,,log(lsd_p / lsd_p_ref) - log(lsd_f / lsd_f_ref) + log(1 + Vol / Vol_ref),scored,0.5618800534759607,,,
low/agent/replicate-3/round-2/h2,low,agent,3,2,0.5756181684880872,0.5567470467287312,"rotor_case(log(1 + 1e-6/PMI2_ref), log(1 + PMI2/PMI2_ref) - log(1 + PMI1/PMI1_ref), log(1 + (PMI2 + PMI3)/(PMI2_ref + PMI3_ref)) - 2*log(1 + PMI1/PMI1_ref))",rejected,,"Incompatible dimensions in addition, subtraction, minimum or maximum; use matching units or training references","rotor_case(0, log(1 + PMI2/PMI2_ref) - log(1 + PMI1/PMI1_ref), log(1 + (PMI2 + PMI3)/(PMI2_ref + PMI3_ref)) - 2*log(1 + PMI1/PMI1_ref))",scored,0.5629239690142362,,"rotor_case(0, log(1 + PMI2/PMI2_ref) - log(1 + PMI1/PMI1_ref), log(1 + (PMI2 + PMI3)/(PMI2_ref + PMI3_ref)) - 2*log(1 + PMI1/PMI1_ref))",scored,0.5629239690142362,,,
low/agent/replicate-3/round-2/h3,low,agent,3,2,0.5756181684880872,0.5567470467287312,log(1 + ASA/ASA_ref) + log(1 + LabuteASA/LabuteASA_ref),scored,0.5407303903260544,,-(log(1 + ASA/ASA_ref) + log(1 + LabuteASA/LabuteASA_ref)),scored,0.5325807591009226,,-(log(1 + ASA/ASA_ref) + log(1 + LabuteASA/LabuteASA_ref)),scored,0.5325807591009226,,1.4158050720562783,1.4158050720562783
low/agent/replicate-3/round-3/h1,low,agent,3,3,0.5756181684880872,0.5325807591009226,-log(1 + PBF / PBF_ref),rejected,,Formula contradicts its predeclared proxy direction,log(1 + PBF / PBF_ref),scored,0.5852089454610957,,log(1 + PBF / PBF_ref),scored,0.5852089454610957,,,
low/agent/replicate-3/round-3/h2,low,agent,3,3,0.5756181684880872,0.5325807591009226,log(1 + PMI3 / PMI3_ref) - log(1 + PMI2 / PMI2_ref),rejected,,Nonlinear rotor expressions require explicit single-site/linear/nonlinear branches,"rotor_case(0, 0, log(1 + PMI3 / PMI3_ref) - log(1 + PMI2 / PMI2_ref))",scored,0.5668886244493084,,"rotor_case(0, 0, log(1 + PMI3 / PMI3_ref) - log(1 + PMI2 / PMI2_ref))",scored,0.5668886244493084,,,
low/agent/replicate-3/round-3/h3,low,agent,3,3,0.5756181684880872,0.5325807591009226,log(1 + ASA / ASA_ref) - log(1 + AV / AV_ref),scored,0.5242421180587197,,-(log(1 + ASA / ASA_ref) - log(1 + AV / AV_ref)),scored,0.5460714533398482,,-(log(1 + ASA / ASA_ref) - log(1 + AV / AV_ref)),scored,0.5460714533398482,,-3.7923290952516706,-3.7923290952516706
low/rag_agent/replicate-1/round-1/h1,low,rag_agent,1,1,0.5756181684880872,0.5756181684880872,log( (lsd_f / 5.16326) * (lsd_p / 6.38663) ),rejected,,log requires a dimensionless argument; divide by a matching reference,log( (lsd_f / 5.16326) * (lsd_p / 6.38663) ),rejected,,log requires a dimensionless argument; divide by a matching reference,log(q_lsd_f * q_lsd_p),rejected,,Formula contradicts its predeclared proxy direction,,
low/rag_agent/replicate-1/round-1/h2,low,rag_agent,1,1,0.5756181684880872,0.5756181684880872,"rotor_case( log(1 + (PMI1 / 43.29513794)**0.5), log(1 + (PMI2 / 93.79729089)**0.5), log(1 + (PMI3 / 125.4948325)**0.5) )",rejected,,"Incompatible dimensions in addition, subtraction, minimum or maximum; use matching units or training references","rotor_case( log(1 + (PMI1 / 43.29513794)**0.5), log(1 + (PMI2 / 93.79729089)**0.5), log(1 + (PMI3 / 125.4948325)**0.5) )",rejected,,"Incompatible dimensions in addition, subtraction, minimum or maximum; use matching units or training references","rotor_case( q_PMI1**0.5, q_PMI2**0.5, q_PMI3**0.5 )",scored,0.5910545950977178,,,
low/rag_agent/replicate-1/round-1/h3,low,rag_agent,1,1,0.5756181684880872,0.5756181684880872,log(1 + (AV / 0.0759781)) - log(1 + (Vol / 67.24)),rejected,,"Incompatible dimensions in addition, subtraction, minimum or maximum; use matching units or training references",log(1 + (AV / 0.0759781)) - log(1 + (Vol / 67.24)),rejected,,"Incompatible dimensions in addition, subtraction, minimum or maximum; use matching units or training references",q_AV / q_Vol,scored,0.5431042624099092,,,
low/rag_agent/replicate-1/round-2/h1,low,rag_agent,1,2,0.5756181684880872,0.5431042624099092,log(q_Vol) - log(q_lsd_f),scored,0.5575562433847502,,log(q_lsd_f) - log(q_Vol),scored,0.5547444608186143,,log(q_lsd_f) - log(q_Vol),scored,0.5547444608186143,,0.48848051018287003,0.48848051018287003
low/rag_agent/replicate-1/round-2/h2,low,rag_agent,1,2,0.5756181684880872,0.5431042624099092,"rotor_case( q_SPAN, q_SPAN, q_SPAN * q_PBF )",scored,0.5624102568065665,,"rotor_case( q_SPAN, q_SPAN, q_SPAN * (1 - q_PBF) )",scored,0.5646345135050886,,"rotor_case( q_SPAN, q_SPAN, q_SPAN * (1 - q_PBF) )",scored,0.5646345135050886,,-0.3864118299747763,-0.3864118299747763
low/rag_agent/replicate-1/round-2/h3,low,rag_agent,1,2,0.5756181684880872,0.5431042624099092,q_AV * q_lsd_p,scored,0.5571457152329259,,q_AV * q_lsd_p,scored,0.5571457152329259,,q_AV * q_lsd_p,scored,0.5571457152329259,,0.0,0.0
low/rag_agent/replicate-1/round-3/h1,low,rag_agent,1,3,0.5756181684880872,0.5431042624099092,log(q_lsd_f) - log(q_SPAN + 0.1),scored,0.5677631600893305,,log(q_lsd_f) - log(q_SPAN + 0.1),scored,0.5677631600893305,,log(q_lsd_f) - log(q_SPAN + 0.1),scored,0.5677631600893305,,0.0,0.0
low/rag_agent/replicate-1/round-3/h2,low,rag_agent,1,3,0.5756181684880872,0.5431042624099092,q_LabuteASA / q_Vol,scored,0.5422369610358846,,q_LabuteASA / q_Vol,scored,0.5422369610358846,,q_LabuteASA / q_Vol,scored,0.5422369610358846,,0.0,0.0
low/rag_agent/replicate-1/round-3/h3,low,rag_agent,1,3,0.5756181684880872,0.5431042624099092,"rotor_case( q_PBF, q_SPAN, q_PBF * q_SPAN )",rejected,,Formula contradicts its predeclared proxy direction,"rotor_case( q_SPAN, q_SPAN, q_PBF * q_SPAN )",scored,0.5624102568065665,,"rotor_case( q_SPAN, q_SPAN, q_PBF * q_SPAN )",scored,0.5624102568065665,,,
low/rag_agent/replicate-2/round-1/h1,low,rag_agent,2,1,0.5756181684880872,0.5756181684880872,log(q_lsd_f * q_Vol / q_MW),rejected,,Wrong physical variable mapping: Vol requires molecular_vdw_volume,log(q_lsd_f * q_AV / q_MW),rejected,,Formula undefined on observed training support; use a justified finite proxy or explicit rotor branches,log(q_lsd_f / q_MW) + q_AV,scored,0.5727674682558992,,,
low/rag_agent/replicate-2/round-1/h2,low,rag_agent,2,1,0.5756181684880872,0.5756181684880872,"rotor_case(log(q_MW), log(q_MW) - 0.2 * q_PMI2 / q_PMI3, log(q_MW) - 0.2 * q_PMI2 / q_PMI3)",scored,0.598120763138771,,"rotor_case(log(q_MW), log(q_MW), log(q_MW) - 0.2 * q_PMI2 / q_PMI3)",scored,0.6146036828752411,,"rotor_case(log(q_MW), log(q_MW), log(q_MW) - 0.2 * q_PMI2 / q_PMI3)",scored,0.6146036828752411,,-2.8635162402472387,-2.8635162402472387
low/rag_agent/replicate-2/round-1/h3,low,rag_agent,2,1,0.5756181684880872,0.5756181684880872,q_PBF * sqrt(q_SPAN * q_GeDi) / q_ASA,rejected,,Formula undefined on observed training support; use a justified finite proxy or explicit rotor branches,"q_PBF * sqrt(q_SPAN * q_GeDi) / maximum(q_ASA, 0.01)",scored,0.5475025056709958,,"q_PBF * sqrt(q_SPAN * q_GeDi) / maximum(q_ASA, 0.01)",scored,0.5475025056709958,,,
high/agent/replicate-2/round-2/h1,high,agent,2,2,0.5756181684880872,0.5518815302202968,log(1 + q_lsd_p) - log(1 + q_lsd_f),scored,0.5472150552587393,,log(q_lsd_p) - log(q_lsd_f),scored,0.5295828388566028,,log(q_lsd_p) - log(q_lsd_f),scored,0.5295828388566028,,3.0631792683766417,3.0631792683766417
high/agent/replicate-2/round-2/h2,high,agent,2,2,0.5756181684880872,0.5518815302202968,log(1 + q_PMI3) - log(1 + q_PMI1),rejected,,Redundant with a current input,log(1 + q_PMI3) - log(1 + q_PMI1),rejected,,Redundant with a current input,((q_PMI1 - q_PMI2)**2 + (q_PMI2 - q_PMI3)**2 + (q_PMI3 - q_PMI1)**2) / (1 + (q_PMI1 + q_PMI2 + q_PMI3)**2 + (q_PMI1 - q_PMI2)**2 + (q_PMI2 - q_PMI3)**2 + (q_PMI3 - q_PMI1)**2),rejected,,Formula contradicts its predeclared proxy direction,,
high/agent/replicate-2/round-2/h3,high,agent,2,2,0.5756181684880872,0.5518815302202968,log(1 + q_Vol) - log(1 + q_lsd_p),scored,0.5640003201547072,,log(1 + q_Vol) - log(1 + q_lsd_p),scored,0.5640003201547072,,log(1 + q_Vol) - log(1 + q_lsd_p),scored,0.5640003201547072,,0.0,0.0
low/rag_agent/replicate-2/round-2/h1,low,rag_agent,2,2,0.5756181684880872,0.5475025056709958,"log(q_MW) * q_lsd_f / maximum(q_lsd_p, 0.5)",rejected,,Formula contradicts its predeclared proxy direction,log(q_lsd_f / q_MW) + q_AV,scored,0.5439240561753049,,log(q_lsd_f / q_MW) + q_AV,scored,0.5439240561753049,,,
low/rag_agent/replicate-2/round-2/h2,low,rag_agent,2,2,0.5756181684880872,0.5475025056709958,"rotor_case(log(q_Vol), log(q_Vol) - 0.1 * q_PMI1 / q_PMI3, log(q_Vol) - 0.1 * q_PMI1 / q_PMI3)",rejected,,Formula contradicts its predeclared proxy direction,"rotor_case(log(q_Vol), log(q_Vol) + 0.1 * q_PMI1 / q_PMI3, log(q_Vol) + 0.1 * q_PMI1 / q_PMI3)",scored,0.5764840857060689,,"rotor_case(log(q_Vol), log(q_Vol) + 0.1 * q_PMI1 / q_PMI3, log(q_Vol) + 0.1 * q_PMI1 / q_PMI3)",scored,0.5764840857060689,,,
low/rag_agent/replicate-2/round-2/h3,low,rag_agent,2,2,0.5756181684880872,0.5475025056709958,"q_Vol * q_LabuteASA / maximum(q_AV, 0.05)",scored,0.5292776250180804,,q_Vol * q_LabuteASA * q_AV,scored,0.5352084874032945,,q_Vol * q_LabuteASA * q_AV,scored,0.5352084874032945,,-1.0303466273123487,-1.0303466273123487
low/rag_agent/replicate-2/round-3/h1,low,rag_agent,2,3,0.5756181684880872,0.5352084874032945,q_Vol / q_lsd_f,scored,0.5664510052418752,,q_Vol / q_lsd_f,scored,0.5664510052418752,,q_Vol / q_lsd_f,scored,0.5664510052418752,,0.0,0.0
low/rag_agent/replicate-2/round-3/h2,low,rag_agent,2,3,0.5756181684880872,0.5352084874032945,"rotor_case(q_LabuteASA / q_lsd_p, q_LabuteASA / q_lsd_p, q_LabuteASA / q_lsd_p)",scored,0.5596103872979906,,q_LabuteASA / q_lsd_p,scored,0.5596103872979906,,q_LabuteASA / q_lsd_p,scored,0.5596103872979906,,0.0,0.0
low/rag_agent/replicate-2/round-3/h3,low,rag_agent,2,3,0.5756181684880872,0.5352084874032945,q_PBF * q_GeDi / (q_ASA + 0.5),scored,0.5627218628112497,,q_PBF * q_GeDi / (q_ASA + 0.5),scored,0.5627218628112497,,q_PBF * q_GeDi / (q_ASA + 0.5),scored,0.5627218628112497,,0.0,0.0
low/rag_agent/replicate-3/round-1/h1,low,rag_agent,3,1,0.5756181684880872,0.5756181684880872,log(1 + q_lsd_f) * (MW / MW_ref) ** 0.5,scored,0.5932178431970834,,log(1 + q_lsd_f) * (MW / MW_ref) ** 0.5,scored,0.5932178431970834,,log(1 + q_lsd_f) * (MW / MW_ref) ** 0.5,scored,0.5932178431970834,,0.0,0.0
low/rag_agent/replicate-3/round-1/h2,low,rag_agent,3,1,0.5756181684880872,0.5756181684880872,log(1 + AV/AV_ref) / (Vol / Vol_ref) ** 0.5,scored,0.5658987265942509,,((Vol / Vol_ref) ** 0.5) / log(1 + AV / AV_ref),rejected,,Formula undefined on observed training support; use a justified finite proxy or explicit rotor branches,"((Vol / Vol_ref) ** 0.5) * (1 + AV_ref / maximum(AV, AV_ref))",scored,0.5686460177228332,,-0.4772766529934771,
low/rag_agent/replicate-3/round-1/h3,low,rag_agent,3,1,0.5756181684880872,0.5756181684880872,"rotor_case(log(1 + q_SPAN), log(1 + (SPAN/SPAN_ref) * (PBF/PBF_ref + 1)), log(1 + (SPAN/SPAN_ref) ** 2 * (PMI3/PMI3_ref) ** 0.25))",scored,0.5909241426134502,,"rotor_case(log(1 + q_SPAN), log(1 + (SPAN/SPAN_ref) * (PBF/PBF_ref + 1)), log(1 + (SPAN/SPAN_ref) ** 2 * (PMI3/PMI3_ref) ** 0.25))",scored,0.5909241426134502,,"rotor_case(log(1 + q_SPAN), log(1 + (SPAN/SPAN_ref) * (PBF/PBF_ref + 1)), log(1 + (SPAN/SPAN_ref) ** 2 * (PMI3/PMI3_ref) ** 0.25))",scored,0.5909241426134502,,0.0,0.0
low/rag_agent/replicate-3/round-2/h1,low,rag_agent,3,2,0.5756181684880872,0.5686460177228332,log(1 + q_LabuteASA) * sqrt(1 + SPAN / SPAN_ref),scored,0.5924547678961891,,1 / (log(1 + q_LabuteASA) * sqrt(1 + SPAN / SPAN_ref)),scored,0.530712788997235,,1 / (log(1 + q_LabuteASA) * sqrt(1 + SPAN / SPAN_ref)),scored,0.530712788997235,,10.726203980170572,10.726203980170572
low/rag_agent/replicate-3/round-2/h2,low,rag_agent,3,2,0.5756181684880872,0.5686460177228332,"((Vol / Vol_ref) ** 0.5) * (1 + AV_ref / maximum(AV, AV_ref))",rejected,,Redundant with a current input,"((Vol / Vol_ref) ** 0.5) * (1 + ASA_ref / maximum(ASA, ASA_ref))",scored,0.5672984305391512,,"((Vol / Vol_ref) ** 0.5) * (1 + ASA_ref / maximum(ASA, ASA_ref))",scored,0.5672984305391512,,,
low/rag_agent/replicate-3/round-2/h3,low,rag_agent,3,2,0.5756181684880872,0.5686460177228332,(lsd_p / lsd_p_ref) / (1 + lsd_f / lsd_f_ref),scored,0.5416716764841016,,(1 + lsd_f / lsd_f_ref) * (lsd_p_ref / lsd_p),scored,0.5396590750086654,,(1 + lsd_f / lsd_f_ref) * (lsd_p_ref / lsd_p),scored,0.5396590750086654,,0.3496417565697287,0.3496417565697287
low/rag_agent/replicate-3/round-3/h1,low,rag_agent,3,3,0.5756181684880872,0.530712788997235,(density / density_ref) * (1 + (Vol / Vol_ref) ** 0.5),scored,0.6168323364196289,,(density / density_ref) * (1 + (Vol / Vol_ref) ** 0.5),scored,0.6168323364196289,,(density / density_ref) * (1 + (Vol / Vol_ref) ** 0.5),scored,0.6168323364196289,,0.0,0.0
low/rag_agent/replicate-3/round-3/h2,low,rag_agent,3,3,0.5756181684880872,0.530712788997235,log(1 + MW / MW_ref) * (lsd_p / lsd_p_ref),rejected,,Formula contradicts its predeclared proxy direction,log(1 + MW / MW_ref) * (lsd_p_ref / lsd_p),scored,0.5845499875883613,,log(1 + MW / MW_ref) * (lsd_p_ref / lsd_p),scored,0.5845499875883613,,,
low/rag_agent/replicate-3/round-3/h3,low,rag_agent,3,3,0.5756181684880872,0.530712788997235,sqrt(1 + GeDi / GeDi_ref) * (1 + lsd_f_ref / lsd_f) * (lsd_p / lsd_p_ref),rejected,,Formula contradicts its predeclared proxy direction,sqrt(1 + GeDi / GeDi_ref) * (1 + lsd_f / lsd_f_ref) * (lsd_p_ref / lsd_p),scored,0.5631239974205453,,sqrt(1 + GeDi / GeDi_ref) * (1 + lsd_f / lsd_f_ref) * (lsd_p_ref / lsd_p),scored,0.5631239974205453,,,
low/small_kg_rag_agent/replicate-1/round-1/h1,low,small_kg_rag_agent,1,1,0.5756181684880872,0.5756181684880872,log(1 + (Vol/Vol_ref) * (lsd_f/lsd_f_ref)**-2) - (lsd_f/lsd_f_ref),scored,0.5718326603044699,,log(1 + (Vol/Vol_ref) * (lsd_f/lsd_f_ref)**-2) - (lsd_f/lsd_f_ref),scored,0.5718326603044699,,log(1 + (Vol/Vol_ref) * (lsd_f/lsd_f_ref)**-2) - (lsd_f/lsd_f_ref),scored,0.5718326603044699,,0.0,0.0
low/small_kg_rag_agent/replicate-1/round-1/h2,low,small_kg_rag_agent,1,1,0.5756181684880872,0.5756181684880872,"rotor_case(log(1 + 1e-8), log(1 + (PMI2/PMI2_ref)**0.5 / (SPAN/SPAN_ref + 1.0)), log(1 + (PMI3/PMI3_ref)**0.5 / (SPAN/SPAN_ref + 1.0)))",scored,0.5924174259176381,,"rotor_case(log(1 + 1e-8), log(1 + (PMI2/PMI2_ref)**0.5 / (SPAN/SPAN_ref + 1.0)), log(1 + (PMI3/PMI3_ref)**0.5 / (SPAN/SPAN_ref + 1.0)))",scored,0.5924174259176381,,"rotor_case(log(1 + 1e-8), log(1 + (PMI2/PMI2_ref)**0.5 / (SPAN/SPAN_ref + 1.0)), log(1 + (PMI3/PMI3_ref)**0.5 / (SPAN/SPAN_ref + 1.0)))",scored,0.5924174259176381,,0.0,0.0
low/small_kg_rag_agent/replicate-1/round-1/h3,low,small_kg_rag_agent,1,1,0.5756181684880872,0.5756181684880872,(AV/AV_ref) * ((LabuteASA/LabuteASA_ref) / (GeDi/GeDi_ref + 0.5)),scored,0.5589485536669542,,(AV/AV_ref) * ((LabuteASA/LabuteASA_ref) / (GeDi/GeDi_ref + 0.5)),scored,0.5589485536669542,,(AV/AV_ref) * ((LabuteASA/LabuteASA_ref) / (GeDi/GeDi_ref + 0.5)),scored,0.5589485536669542,,0.0,0.0
low/small_kg_rag_agent/replicate-1/round-2/h1,low,small_kg_rag_agent,1,2,0.5756181684880872,0.5589485536669542,log(1 + (lsd_p/lsd_p_ref) * (lsd_f/lsd_f_ref) * (Vol/Vol_ref)**-0.5),scored,0.5590881554144405,,log(1 + (lsd_p/lsd_p_ref) * (lsd_f/lsd_f_ref) * (Vol/Vol_ref)**-0.5),scored,0.5590881554144405,,log(1 + (lsd_p/lsd_p_ref) * (lsd_f/lsd_f_ref) * (Vol/Vol_ref)**-0.5),scored,0.5590881554144405,,0.0,0.0
low/small_kg_rag_agent/replicate-1/round-2/h2,low,small_kg_rag_agent,1,2,0.5756181684880872,0.5589485536669542,"rotor_case(0.0, log(1 + (PMI2/maximum(PMI1, 1.0)))**0.5, log(1 + (PMI2/maximum(PMI1, 1.0)))**0.5 + log(1 + (PMI3/maximum(PMI2, 1.0)))**0.5)",rejected,,"Incompatible dimensions in addition, subtraction, minimum or maximum; use matching units or training references","rotor_case(0.0, (q_PMI2/maximum(q_PMI1, 0.001))**0.5, (q_PMI2/maximum(q_PMI1, 0.001))**0.5 + (q_PMI3/maximum(q_PMI2, 0.001))**0.5)",scored,0.5609970840564931,,"rotor_case(0.0, (q_PMI2/maximum(q_PMI1, 0.001))**0.5, (q_PMI2/maximum(q_PMI1, 0.001))**0.5 + (q_PMI3/maximum(q_PMI2, 0.001))**0.5)",scored,0.5609970840564931,,,
low/small_kg_rag_agent/replicate-1/round-2/h3,low,small_kg_rag_agent,1,2,0.5756181684880872,0.5589485536669542,(ASA/ASA_ref) / (MW/MW_ref),rejected,,Wrong physical variable mapping: MW requires adsorbate_geometry_proxy,(ASA/ASA_ref) / (MW/MW_ref),scored,0.5641997677522211,,(ASA/ASA_ref) / (MW/MW_ref),scored,0.5641997677522211,,,
low/small_kg_rag_agent/replicate-1/round-3/h1,low,small_kg_rag_agent,1,3,0.5756181684880872,0.5589485536669542,(lsd_p/lsd_p_ref) - (lsd_f/lsd_f_ref),scored,0.5395117716836756,,log(1 + (lsd_p/lsd_p_ref) * (lsd_f/lsd_f_ref) * (Vol/Vol_ref)**-0.5),scored,0.5590881554144405,,log(1 + (lsd_p/lsd_p_ref) * (lsd_f/lsd_f_ref) * (Vol/Vol_ref)**-0.5),scored,0.5590881554144405,,-3.40093221556644,-3.40093221556644
low/small_kg_rag_agent/replicate-1/round-3/h2,low,small_kg_rag_agent,1,3,0.5756181684880872,0.5589485536669542,log(1 + (Vol/Vol_ref) * (PBF/PBF_ref + 0.1)),scored,0.5724357291235453,,log(1 + (Vol/Vol_ref) * (PBF/PBF_ref + 0.1)),scored,0.5724357291235453,,log(1 + (Vol/Vol_ref) * (PBF/PBF_ref + 0.1)),scored,0.5724357291235453,,0.0,0.0
low/small_kg_rag_agent/replicate-1/round-3/h3,low,small_kg_rag_agent,1,3,0.5756181684880872,0.5589485536669542,"rotor_case(log(1 + q_PMI1), log(1 + (q_PMI2/maximum(q_PMI1, 1e-10))**0.5), log(1 + (q_PMI2/maximum(q_PMI1, 1e-10))**0.5))",scored,0.5900214915585809,,"rotor_case(0.0, log(1 + (PMI2/PMI2_ref)**0.5), log(1 + (q_PMI2/maximum(q_PMI1, 1e-10))**0.5))",scored,0.578194249916887,,"rotor_case(0.0, log(1 + (PMI2/PMI2_ref)**0.5), log(1 + (q_PMI2/maximum(q_PMI1, 1e-10))**0.5))",scored,0.578194249916887,,2.0547026291333403,2.0547026291333403
low/small_kg_rag_agent/replicate-2/round-1/h1,low,small_kg_rag_agent,2,1,0.5756181684880872,0.5756181684880872,log((Vol/Vol_ref) ** 2 * (lsd_f/lsd_f_ref)),rejected,,Formula contradicts its predeclared proxy direction,log((Vol/Vol_ref) ** 2 / (lsd_f/lsd_f_ref)),scored,0.5968553965689056,,log((Vol/Vol_ref) ** 2 / (lsd_f/lsd_f_ref)),scored,0.5968553965689056,,,
low/small_kg_rag_agent/replicate-2/round-1/h2,low,small_kg_rag_agent,2,1,0.5756181684880872,0.5756181684880872,"rotor_case(log1p_style_placeholder_removed, log1p_style_placeholder_removed, log((PBF/PBF_ref) ** 2 + 1))",rejected,,Unsupported formula symbol or syntax,"rotor_case(0, log((PBF/PBF_ref) ** 2 + 1), log((PBF/PBF_ref) ** 2 + 1))",scored,0.6027548208153805,,"rotor_case(0, log((PBF/PBF_ref) ** 2 + 1), log((PBF/PBF_ref) ** 2 + 1))",scored,0.6027548208153805,,,
low/small_kg_rag_agent/replicate-2/round-1/h3,low,small_kg_rag_agent,2,1,0.5756181684880872,0.5756181684880872,log((LabuteASA/LabuteASA_ref) / (AV/AV_ref + 1)),scored,0.5674415395730443,,log((LabuteASA/LabuteASA_ref) / (AV/AV_ref + 1)),scored,0.5674415395730443,,log((LabuteASA/LabuteASA_ref) / (AV/AV_ref + 1)),scored,0.5674415395730443,,0.0,0.0
low/small_kg_rag_agent/replicate-2/round-2/h1,low,small_kg_rag_agent,2,2,0.5756181684880872,0.5674415395730443,log(1 + (Vol/Vol_ref) * (lsd_p/lsd_p_ref) ** -2),scored,0.5657179544716917,,log(1 + (Vol/Vol_ref) * (lsd_p/lsd_p_ref) ** -2),scored,0.5657179544716917,,log(1 + (Vol/Vol_ref) * (lsd_p/lsd_p_ref) ** -2),scored,0.5657179544716917,,0.0,0.0
low/small_kg_rag_agent/replicate-2/round-2/h2,low,small_kg_rag_agent,2,2,0.5756181684880872,0.5674415395730443,log(1 + (GeDi/GeDi_ref) * (LabuteASA/LabuteASA_ref) / (1 + (PBF/PBF_ref))),scored,0.5682026981293645,,log(1 + (GeDi/GeDi_ref) * (LabuteASA/LabuteASA_ref) / (1 + (PBF/PBF_ref))),scored,0.5682026981293645,,log(1 + (GeDi/GeDi_ref) * (LabuteASA/LabuteASA_ref) / (1 + (PBF/PBF_ref))),scored,0.5682026981293645,,0.0,0.0
low/small_kg_rag_agent/replicate-2/round-2/h3,low,small_kg_rag_agent,2,2,0.5756181684880872,0.5674415395730443,"rotor_case(log(1 + (LabuteASA/LabuteASA_ref)), log(1 + (PMI2/PMI2_ref) * (LabuteASA/LabuteASA_ref) ** -1), log(1 + (PMI3/PMI3_ref) * (LabuteASA/LabuteASA_ref) ** -1))",scored,0.5818518107811389,,"rotor_case(log(1 + (LabuteASA/LabuteASA_ref)), log(1 + (PMI2/PMI2_ref) * (LabuteASA/LabuteASA_ref) ** -1), log(1 + (PMI3/PMI3_ref) * (LabuteASA/LabuteASA_ref) ** -1))",scored,0.5818518107811389,,"rotor_case(log(1 + (LabuteASA/LabuteASA_ref)), log(1 + (PMI2/PMI2_ref) * (LabuteASA/LabuteASA_ref) ** -1), log(1 + (PMI3/PMI3_ref) * (LabuteASA/LabuteASA_ref) ** -1))",scored,0.5818518107811389,,0.0,0.0
high/agent/replicate-2/round-3/h1,high,agent,2,3,0.5756181684880872,0.5295828388566028,log(1 + q_Vol) - log(1 + q_AV),scored,0.5583812556751615,,log(1 + q_Vol) - log(1 + q_AV),scored,0.5583812556751615,,log(1 + q_Vol) - log(1 + q_AV),scored,0.5583812556751615,,0.0,0.0
high/agent/replicate-2/round-3/h2,high,agent,2,3,0.5756181684880872,0.5295828388566028,"rotor_case(0, log(1 + q_PMI1 + q_PMI2 + q_PMI3), log(1 + q_PMI1 + q_PMI2 + q_PMI3))",scored,0.5396627967823836,,"rotor_case(0, log(1 + q_PMI1 + q_PMI2 + q_PMI3), log(1 + q_PMI1 + q_PMI2 + q_PMI3))",scored,0.5396627967823836,,"rotor_case(0, log(1 + q_PMI1 + q_PMI2 + q_PMI3), log(1 + q_PMI1 + q_PMI2 + q_PMI3))",scored,0.5396627967823836,,0.0,0.0
high/agent/replicate-2/round-3/h3,high,agent,2,3,0.5756181684880872,0.5295828388566028,log(1 + q_LabuteASA) - log(1 + q_ASA),scored,0.5779649413359447,,log(1 + q_LabuteASA) - log(1 + q_ASA),scored,0.5779649413359447,,log(1 + q_LabuteASA) - log(1 + q_ASA),scored,0.5779649413359447,,0.0,0.0
low/small_kg_rag_agent/replicate-2/round-3/h1,low,small_kg_rag_agent,2,3,0.5756181684880872,0.5657179544716917,log(1 + (LabuteASA/LabuteASA_ref) * (lsd_f/lsd_f_ref) ** -1),scored,0.5745088875361506,,log(1 + (LabuteASA/LabuteASA_ref) * (lsd_f/lsd_f_ref) ** -1),scored,0.5745088875361506,,log(1 + (LabuteASA/LabuteASA_ref) * (lsd_f/lsd_f_ref) ** -1),scored,0.5745088875361506,,0.0,0.0
low/small_kg_rag_agent/replicate-2/round-3/h2,low,small_kg_rag_agent,2,3,0.5756181684880872,0.5657179544716917,log(1 + (Vol/Vol_ref) * (PBF/PBF_ref) ** 2),scored,0.5732527452458805,,log(1 + (Vol/Vol_ref) * (PBF/PBF_ref) ** 2),scored,0.5732527452458805,,log(1 + (Vol/Vol_ref) * (PBF/PBF_ref) ** 2),scored,0.5732527452458805,,0.0,0.0
low/small_kg_rag_agent/replicate-2/round-3/h3,low,small_kg_rag_agent,2,3,0.5756181684880872,0.5657179544716917,log(1 + (ASA/ASA_ref) * (density/density_ref) ** -1),scored,0.5836124496944237,,log(1 + (ASA/ASA_ref) * (density/density_ref) ** 1),scored,0.5601853331540405,,log(1 + (ASA/ASA_ref) * (density/density_ref) ** 1),scored,0.5601853331540405,,4.069905681037941,4.069905681037941
low/small_kg_rag_agent/replicate-3/round-1/h1,low,small_kg_rag_agent,3,1,0.5756181684880872,0.5756181684880872,log(1 + (SPAN / SPAN_ref) * (MW / MW_ref) / (lsd_f / lsd_f_ref)),scored,0.59907540498694,,log(1 + (SPAN / SPAN_ref) * (MW / MW_ref) / (lsd_f / lsd_f_ref)),rejected,,Formula contradicts its predeclared proxy direction,log(1 + (SPAN / SPAN_ref) * (MW / MW_ref) * (lsd_f / lsd_f_ref)),scored,0.604409860601252,,-0.9267351008609461,
low/small_kg_rag_agent/replicate-3/round-1/h2,low,small_kg_rag_agent,3,1,0.5756181684880872,0.5756181684880872,"rotor_case(log(1 + (PMI3 / PMI3_ref)), log(1 + (PMI3 / PMI3_ref) * (PBF / PBF_ref)), log(1 + (PMI3 / PMI3_ref) * (PBF / PBF_ref)))",scored,0.6222959887616029,,"rotor_case(log(1 + (PMI3 / PMI3_ref)), log(1 + (PMI3 / PMI3_ref) * (PBF / PBF_ref)), log(1 + (PMI3 / PMI3_ref) * (PBF / PBF_ref)))",scored,0.6222959887616029,,"rotor_case(log(1 + (PMI3 / PMI3_ref)), log(1 + (PMI3 / PMI3_ref) * (PBF / PBF_ref)), log(1 + (PMI3 / PMI3_ref) * (PBF / PBF_ref)))",scored,0.6222959887616029,,0.0,0.0
low/small_kg_rag_agent/replicate-3/round-1/h3,low,small_kg_rag_agent,3,1,0.5756181684880872,0.5756181684880872,log(1 + (Vol / Vol_ref) / (0.1 + AV / AV_ref)),scored,0.5686780017748753,,log(1 + (Vol / Vol_ref) / (0.1 + AV / AV_ref)),scored,0.5686780017748753,,log(1 + (Vol / Vol_ref) / (0.1 + AV / AV_ref)),scored,0.5686780017748753,,0.0,0.0
low/small_kg_rag_agent/replicate-3/round-2/h1,low,small_kg_rag_agent,3,2,0.5756181684880872,0.5686780017748753,log(1 + (SPAN / SPAN_ref) * exp(-(lsd_f / lsd_f_ref))),scored,0.5631112899833084,,log(1 + (SPAN / SPAN_ref) * (lsd_f_ref / lsd_f)),scored,0.5559188536617439,,log(1 + (SPAN / SPAN_ref) * (lsd_f_ref / lsd_f)),scored,0.5559188536617439,,1.2495151673992677,1.2495151673992677
low/small_kg_rag_agent/replicate-3/round-2/h2,low,small_kg_rag_agent,3,2,0.5756181684880872,0.5686780017748753,"rotor_case(log(1 + PBF / PBF_ref), log(1 + (PBF / PBF_ref) * (PMI3 / PMI3_ref) / (0.1 + LabuteASA / LabuteASA_ref)), log(1 + (PBF / PBF_ref) * (PMI3 / PMI3_ref) / (0.1 + LabuteASA / LabuteASA_ref)))",scored,0.5713142116146241,,"rotor_case(log(1 + PBF / PBF_ref), log(1 + (PBF / PBF_ref) * (PMI3 / PMI3_ref)), log(1 + (PBF / PBF_ref) * (PMI3 / PMI3_ref)))",scored,0.5511675262408827,,"rotor_case(log(1 + PBF / PBF_ref), log(1 + (PBF / PBF_ref) * (PMI3 / PMI3_ref)), log(1 + (PBF / PBF_ref) * (PMI3 / PMI3_ref)))",scored,0.5511675262408827,,3.5000085953955384,3.5000085953955384
low/small_kg_rag_agent/replicate-3/round-2/h3,low,small_kg_rag_agent,3,2,0.5756181684880872,0.5686780017748753,log(1 + (Vol / Vol_ref) / (0.1 + AV / AV_ref)),rejected,,Redundant with a current input,log(1 + (Vol / Vol_ref) / (0.1 + lsd_p / lsd_p_ref)),scored,0.5335508556416868,,log(1 + (Vol / Vol_ref) / (0.1 + lsd_p / lsd_p_ref)),scored,0.5335508556416868,,,
low/small_kg_rag_agent/replicate-3/round-3/h1,low,small_kg_rag_agent,3,3,0.5756181684880872,0.5335508556416868,log(1 + (LabuteASA / LabuteASA_ref) * (AV_ref / (0.1 + AV))),rejected,,"Incompatible dimensions in addition, subtraction, minimum or maximum; use matching units or training references",log(1 + (LabuteASA / LabuteASA_ref) * (AV_ref / (0.1 + AV))),rejected,,"Incompatible dimensions in addition, subtraction, minimum or maximum; use matching units or training references",log(1 + (LabuteASA / LabuteASA_ref) / (0.1 + AV / AV_ref)),scored,0.5609828190929489,,,
low/small_kg_rag_agent/replicate-3/round-3/h2,low,small_kg_rag_agent,3,3,0.5756181684880872,0.5335508556416868,"rotor_case(log(1 + (PMI1 / PMI1_ref)), log(1 + (PMI2 / PMI2_ref)), log(1 + (PMI2 / PMI2_ref)))",scored,0.5768244585209286,,"rotor_case(log(1 + (PMI1 / PMI1_ref)), log(1 + (PMI2 / PMI2_ref)), log(1 + (PMI2 / PMI2_ref)))",scored,0.5768244585209286,,"rotor_case(log(1 + (PMI1 / PMI1_ref)), log(1 + (PMI2 / PMI2_ref)), log(1 + (PMI2 / PMI2_ref)))",scored,0.5768244585209286,,0.0,0.0
low/small_kg_rag_agent/replicate-3/round-3/h3,low,small_kg_rag_agent,3,3,0.5756181684880872,0.5335508556416868,log(1 + (Vol / Vol_ref) / (0.1 + AV / AV_ref)),rejected,,Redundant with a current input,log(1 + (Vol / Vol_ref) / (0.1 + ASA / ASA_ref)),scored,0.5672182964641227,,log(1 + (Vol / Vol_ref) / (0.1 + ASA / ASA_ref)),scored,0.5672182964641227,,,
high/agent/replicate-3/round-1/h1,high,agent,3,1,0.5756181684880872,0.5756181684880872,"log10(q_Vol / maximum(q_AV, 0.01))",rejected,,Formula contradicts its predeclared proxy direction,"log10(q_Vol / maximum(q_AV, 0.01))",scored,0.5525934493520684,,"log10(q_Vol / maximum(q_AV, 0.01))",scored,0.5525934493520684,,,
high/agent/replicate-3/round-1/h2,high,agent,3,1,0.5756181684880872,0.5756181684880872,"rotor_case(0, log10(q_PMI3), log10(q_PMI3) + (PMI3 - PMI2) / (PMI1 + PMI2 + PMI3))",scored,0.5983492143818906,,"rotor_case(0, log10(q_PMI3), log10(q_PMI3) + (PMI3 - PMI2) / (PMI1 + PMI2 + PMI3))",scored,0.5983492143818906,,"rotor_case(0, log10(q_PMI3), log10(q_PMI3) + (PMI3 - PMI2) / (PMI1 + PMI2 + PMI3))",scored,0.5983492143818906,,0.0,0.0
high/agent/replicate-3/round-1/h3,high,agent,3,1,0.5756181684880872,0.5756181684880872,(q_SPAN * q_LabuteASA) / q_lsd_f ** 1,rejected,,Formula contradicts its predeclared proxy direction,(q_SPAN * q_LabuteASA) / q_lsd_f ** 1,scored,0.5791472436255036,,(q_SPAN * q_LabuteASA) / q_lsd_f ** 1,scored,0.5791472436255036,,,
high/agent/replicate-3/round-2/h1,high,agent,3,2,0.5756181684880872,0.5525934493520684,"log10(q_Vol / maximum(q_AV, 0.01))",rejected,,Redundant with a current input,"log10(q_Vol / maximum(q_AV, 0.01))",rejected,,Redundant with a current input,"q_Vol / (q_Vol + maximum(q_AV, 0.01))",scored,0.5579765131188946,,,
high/agent/replicate-3/round-2/h2,high,agent,3,2,0.5756181684880872,0.5525934493520684,"rotor_case(0, log10(q_PMI3), log10(q_PMI3) + log10(q_PMI2))",scored,0.5613274926373379,,"rotor_case(0, -log10(q_PMI3), -(log10(q_PMI3) + log10(q_PMI2)))",scored,0.5665787497472858,,"rotor_case(0, -log10(q_PMI3), -(log10(q_PMI3) + log10(q_PMI2)))",scored,0.5665787497472858,,-0.9122813346459844,-0.9122813346459844
high/agent/replicate-3/round-2/h3,high,agent,3,2,0.5756181684880872,0.5525934493520684,log10(q_Vol / q_lsd_f ** 3),scored,0.5425753250823583,,log10(q_lsd_f ** 3 / q_Vol),scored,0.5576763128615935,,log10(q_lsd_f ** 3 / q_Vol),scored,0.5576763128615935,,-2.62343834957456,-2.62343834957456
high/agent/replicate-3/round-3/h1,high,agent,3,3,0.5756181684880872,0.5525934493520684,log10(q_MW),scored,0.5548908073031221,,log10(q_MW),scored,0.5548908073031221,,log10(q_MW),scored,0.5548908073031221,,0.0,0.0
high/agent/replicate-3/round-3/h2,high,agent,3,3,0.5756181684880872,0.5525934493520684,"log10(q_LabuteASA / maximum(q_ASA, 0.01))",rejected,,Formula contradicts its predeclared proxy direction,"log10(q_LabuteASA / maximum(q_ASA, 0.01))",scored,0.5527649095631709,,"log10(q_LabuteASA / maximum(q_ASA, 0.01))",scored,0.5527649095631709,,,
high/agent/replicate-3/round-3/h3,high,agent,3,3,0.5756181684880872,0.5525934493520684,log10(q_lsd_p / q_lsd_f),scored,0.5233566808702397,,log10(q_lsd_p / q_lsd_f),scored,0.5233566808702397,,log10(q_lsd_p / q_lsd_f),scored,0.5233566808702397,,0.0,0.0
high/rag_agent/replicate-1/round-1/h1,high,rag_agent,1,1,0.5756181684880872,0.5756181684880872,(q_lsd_f ** 0.5) * (MW_ref / MW ** 1.0) ** 0.25 * (Vol_ref / Vol ** 1.0) ** 0.125,scored,0.552654751802484,,(q_lsd_f ** 0.5) * (MW_ref / MW ** 1.0) ** 0.25 * (Vol_ref / Vol ** 1.0) ** 0.125,scored,0.552654751802484,,(q_lsd_f ** 0.5) * (MW_ref / MW ** 1.0) ** 0.25 * (Vol_ref / Vol ** 1.0) ** 0.125,scored,0.552654751802484,,0.0,0.0
high/rag_agent/replicate-1/round-1/h2,high,rag_agent,1,1,0.5756181684880872,0.5756181684880872,"rotor_case(1.0, (q_PMI2 ** 0.25), ((q_PMI2 * q_PMI3) ** 0.125))",scored,0.5788512379957107,,"rotor_case(1.0, (q_PMI2 ** 0.25), ((q_PMI2 * q_PMI3) ** 0.125))",scored,0.5788512379957107,,"rotor_case(1.0, (q_PMI2 ** 0.25), ((q_PMI2 * q_PMI3) ** 0.125))",scored,0.5788512379957107,,0.0,0.0
high/rag_agent/replicate-1/round-1/h3,high,rag_agent,1,1,0.5756181684880872,0.5756181684880872,(q_lsd_p / q_lsd_f) ** 0.5,scored,0.5605776476015576,,(q_lsd_p / q_lsd_f) ** 0.5,scored,0.5605776476015576,,(q_lsd_p / q_lsd_f) ** 0.5,scored,0.5605776476015576,,0.0,0.0
