smiles,osda_nC,osda_nN,osda_nN_quaternary,osda_nO,osda_nP,osda_nHeavy,osda_nRings,osda_nAromaticRings,osda_fraction_sp3,osda_logP,osda_tpsa
BrCCCCBr,4.0,0.0,0.0,0.0,0.0,6.0,0.0,0.0,1.0,2.556400000000001,0.0
C(CCCC[N+]12CCC(CC1)CC2)CCC[N+]12CCC(CC1)CC2,22.0,2.0,2.0,0.0,0.0,24.0,6.0,0.0,1.0,4.5880000000000045,0.0
C(CCCC[N+]12CCN(CC1)CC2)CCC[N+]12CCN(CC1)CC2,20.0,4.0,2.0,0.0,0.0,24.0,6.0,0.0,1.0,1.619000000000002,6.48
C(CCC[N+]12CCC(CC1)CC2)CC[N+]12CCC(CC1)CC2,20.0,2.0,2.0,0.0,0.0,22.0,6.0,0.0,1.0,3.807800000000003,0.0
C(CCC[N+]12CCN(CC1)CC2)CCC[N+]12CCN(CC1)CC2,19.0,4.0,2.0,0.0,0.0,23.0,6.0,0.0,1.0,1.2289000000000023,6.48
C(CCC[N+]12CCN(CC1)CC2)CC[N+]12CCN(CC1)CC2,18.0,4.0,2.0,0.0,0.0,22.0,6.0,0.0,1.0,0.8388000000000027,6.48
C(CCC[N+]12CC[N+](CCCCCC[N+]34CC[N+](CCCCCC[N+]56CC[N+](CCCCCC[N+]78CCN(CC7)CC8)(CC5)CC6)(CC3)CC4)(CC1)CC2)CC[N+]12CCN(CC1)CC2,54.0,10.0,8.0,0.0,0.0,64.0,15.0,0.0,1.0,4.50240000000001,6.48
C(CCC[N+]12CC[N+](CCCCCC[N+]34CC[N+](CCCCCC[N+]56CC[N+](CCCCCC[N+]78CC[N+](CCCCCC[N+]9%10CC[N+](CCCCCC[N+]%11%12CCN(CC%11)CC%12)(CC9)CC%10)(CC7)CC8)(CC5)CC6)(CC3)CC4)(CC1)CC2)CC[N+]12CCN(CC1)CC2,78.0,14.0,12.0,0.0,0.0,92.0,21.0,0.0,1.0,6.944799999999995,6.48
C(CCC[N+]12CC[N+](CCCCCC[N+]34CC[N+](CCCCCC[N+]56CC[N+](CCCCCC[N+]78CC[N+](CCCCCC[N+]9%10CC[N+](CCCCCC[N+]%11%12CC[N+](CCCCCC[N+]%13%14CC[N+](CCCCCC[N+]%15%16CCN(CC%15)CC%16)(CC%13)CC%14)(CC%11)CC%12)(CC9)CC%10)(CC7)CC8)(CC5)CC6)(CC3)CC4)(CC1)CC2)CC[N+]12CCN(CC1)CC2,102.0,18.0,16.0,0.0,0.0,120.0,27.0,0.0,1.0,9.38719999999997,6.48
C(CCN1CCOCCOCCOCCOCC1)CCN1CCOCCOCCOCCOCC1,25.0,2.0,0.0,8.0,0.0,35.0,2.0,0.0,1.0,0.9207000000000063,80.32000000000002
C(CCN1CCOCCOCCOCCOCC1)CN1CCOCCOCCOCCOCC1,24.0,2.0,0.0,8.0,0.0,34.0,2.0,0.0,1.0,0.5306000000000066,80.32000000000002
C(CCN1CCOCCOCCOCCOCCOCC1)CN1CCOCCOCCOCCOCCOCC1,28.0,2.0,0.0,10.0,0.0,40.0,2.0,0.0,1.0,0.5638000000000101,98.78000000000002
C(CC[N+]12CCC(CC1)CC2)CC[N+]12CCC(CC1)CC2,19.0,2.0,2.0,0.0,0.0,21.0,6.0,0.0,1.0,3.4177000000000026,0.0
C(CC[N+]12CCC(CC1)CC2)C[N+]12CCC(CC1)CC2,18.0,2.0,2.0,0.0,0.0,20.0,6.0,0.0,1.0,3.0276000000000014,0.0
C(CC[N+]12CCN(CC1)CC2)CC[N+]12CCN(CC1)CC2,17.0,4.0,2.0,0.0,0.0,21.0,6.0,0.0,1.0,0.4487000000000032,6.48
C(CC[N+]12CCN(CC1)CC2)CC[N+]12CC[N+](CCCCC[N+]34CC[N+](CCCCC[N+]56CC[N+](CCCCC[N+]78CCN(CC7)CC8)(CC5)CC6)(CC3)CC4)(CC1)CC2,50.0,10.0,8.0,0.0,0.0,60.0,15.0,0.0,1.0,2.9420000000000037,6.48
C(CC[N+]12CCN(CC1)CC2)C[N+]12CCN(CC1)CC2,16.0,4.0,2.0,0.0,0.0,20.0,6.0,0.0,1.0,0.05860000000000354,6.48
C(C[N+]12CCN(CC1)CC2)C[N+]12CCN(CC1)CC2,15.0,4.0,2.0,0.0,0.0,19.0,6.0,0.0,1.0,-0.33149999999999613,6.48
C1=C(c2ccncc2)NN(c2ccncc2)N=C1c1ccncc1,18.0,6.0,0.0,0.0,0.0,24.0,4.0,3.0,0.0,2.6416000000000013,66.30000000000001
C1=CC2CC1C1C[N+]3(CCCC3)CC21,13.0,1.0,1.0,0.0,0.0,14.0,4.0,0.0,0.8461538461538461,2.0488999999999997,0.0
C1=CCC([Co+]C2=CC=CC2)=C1.F[P-](F)(F)(F)(F)F,10.0,0.0,0.0,0.0,1.0,18.0,2.0,0.0,0.2,6.138900000000003,0.0
C1=C[NH2+]C=N1,3.0,2.0,0.0,0.0,0.0,5.0,1.0,0.0,0.0,-0.9371,28.97
C1=Cc2nc1c(-c1ccncc1)c1ccc([nH]1)c(-c1ccncc1)c1nc(c(-c3ccncc3)c3ccc([nH]3)c2-c2ccncc2)C=C1,40.0,8.0,0.0,0.0,0.0,48.0,9.0,7.0,0.0,8.903600000000003,108.92
C1CC(C2CCNCC2)CCN1,10.0,2.0,0.0,0.0,0.0,12.0,2.0,0.0,1.0,0.9855999999999998,24.06
C1CC23CCC[N+]2(C1)CCC3,10.0,1.0,1.0,0.0,0.0,11.0,3.0,0.0,1.0,1.9234,0.0
C1CC2CCC1CNC2,8.0,1.0,0.0,0.0,0.0,9.0,3.0,0.0,1.0,1.396,12.03
C1CCC(CNCC2CCCCC2)CC1,14.0,1.0,0.0,0.0,0.0,15.0,2.0,0.0,1.0,3.736600000000003,12.03
C1CCC2(C1)CCC[NH2+]2,8.0,1.0,0.0,0.0,0.0,9.0,2.0,0.0,1.0,0.6564000000000002,16.61
C1CCC2=NCCCN2CC1,9.0,2.0,0.0,0.0,0.0,11.0,2.0,0.0,0.8888888888888888,1.6646,15.6
C1CCC2=NCCC[N+]2(CCCC[N+]23CCCCCC2=NCCC3)CC1,22.0,4.0,2.0,0.0,0.0,26.0,4.0,0.0,0.9090909090909091,4.152600000000003,24.72
C1CCC2C(C1)CCC[N+]21CCCC1,13.0,1.0,1.0,0.0,0.0,14.0,3.0,0.0,1.0,2.949600000000001,0.0
C1CCC2NCCC2C1,8.0,1.0,0.0,0.0,0.0,9.0,2.0,0.0,1.0,1.5385,12.03
C1CCCC(C2CCCC2)(N2CCCCCCN2)CCC1,19.0,2.0,0.0,0.0,0.0,21.0,3.0,0.0,1.0,5.040300000000005,15.27
C1CCCC(CCCCCCC2(N3CCCCCCN3)CCCCCCC2)(N2CCCCCCN2)CCC1,34.0,4.0,0.0,0.0,0.0,38.0,4.0,0.0,1.0,9.054400000000005,30.54
C1CCCNCC1,6.0,1.0,0.0,0.0,0.0,7.0,1.0,0.0,1.0,1.15,12.03
C1CCCNCCC1,7.0,1.0,0.0,0.0,0.0,8.0,1.0,0.0,1.0,1.5401,12.03
C1CCC[N+]2(CC1)CCCCC2,11.0,1.0,1.0,0.0,0.0,12.0,2.0,0.0,1.0,2.5611000000000006,0.0
C1CCN(C2CCNCC2)CC1,10.0,2.0,0.0,0.0,0.0,12.0,2.0,0.0,1.0,1.2242999999999997,15.27
C1CCN2C[C@@H]3C[C@@H](CN4CCCC[C@H]34)[C@@H]2C1,15.0,2.0,0.0,0.0,0.0,17.0,4.0,0.0,1.0,2.3451000000000004,6.48
C1CCNC1,4.0,1.0,0.0,0.0,0.0,5.0,1.0,0.0,1.0,0.36979999999999996,12.03
C1CCNCC1,5.0,1.0,0.0,0.0,0.0,6.0,1.0,0.0,1.0,0.7599,12.03
C1CCOC1,4.0,0.0,0.0,1.0,0.0,5.0,1.0,0.0,1.0,0.7968,9.23
C1CC[N+]2(C1)CCCC2,8.0,1.0,1.0,0.0,0.0,9.0,2.0,0.0,1.0,1.3907999999999998,0.0
C1CC[N+]2(CC1)CCCC1CCCCC12,14.0,1.0,1.0,0.0,0.0,15.0,3.0,0.0,1.0,3.3397000000000023,0.0
C1CC[N+]2(CC1)CCCC2,9.0,1.0,1.0,0.0,0.0,10.0,2.0,0.0,1.0,1.7809,0.0
C1CC[N+]2(CC1)CCCCC2,10.0,1.0,1.0,0.0,0.0,11.0,2.0,0.0,1.0,2.1710000000000003,0.0
C1CC[N+]2(CC1)CCCCC2.C1CC[N+]2(CC1)CCCCC2,20.0,2.0,2.0,0.0,0.0,22.0,4.0,0.0,1.0,4.342000000000004,0.0
C1CC[N+]2(CC1)CCCCC2.[OH-],10.0,1.0,1.0,1.0,0.0,12.0,2.0,0.0,1.0,1.9942,30.0
C1CC[N+]23CCCCC2(C1)CCCC3,13.0,1.0,1.0,0.0,0.0,14.0,3.0,0.0,1.0,3.093700000000002,0.0
C1CC[NH2+]C1,4.0,1.0,0.0,0.0,0.0,5.0,1.0,0.0,1.0,-0.6564000000000001,16.61
C1CC[NH2+]CC1,5.0,1.0,0.0,0.0,0.0,6.0,1.0,0.0,1.0,-0.2663000000000002,16.61
C1CN1,2.0,1.0,0.0,0.0,0.0,3.0,1.0,0.0,1.0,-0.41040000000000004,21.94
C1CN2CCC1CC2,7.0,1.0,0.0,0.0,0.0,8.0,3.0,0.0,1.0,1.1021,3.24
C1CN2CCC1CN2,6.0,2.0,0.0,0.0,0.0,8.0,3.0,0.0,1.0,0.21659999999999996,15.27
C1CN2CCN1CC2,6.0,2.0,0.0,0.0,0.0,8.0,3.0,0.0,1.0,-0.3824000000000001,6.48
C1CNCCCNCCNCCNC1,10.0,4.0,0.0,0.0,0.0,14.0,1.0,0.0,1.0,-0.8613999999999966,48.12
C1CNCCN1,4.0,2.0,0.0,0.0,0.0,6.0,1.0,0.0,1.0,-0.8208,24.06
C1CNCCNC1,5.0,2.0,0.0,0.0,0.0,7.0,1.0,0.0,1.0,-0.43069999999999986,24.06
C1CNCCNCCCNCCNC1,10.0,4.0,0.0,0.0,0.0,14.0,1.0,0.0,1.0,-0.8613999999999966,48.12
C1CNCCNCCCNCCNC1.[Cu],10.0,4.0,0.0,0.0,0.0,15.0,1.0,0.0,1.0,-0.863899999999997,48.12
C1CNCCNCCNCCNCCNCCN1,12.0,6.0,0.0,0.0,0.0,18.0,1.0,0.0,1.0,-2.4623999999999953,72.17999999999999
C1CN[C@H](CN2CCCC2)C1,9.0,2.0,0.0,0.0,0.0,11.0,2.0,0.0,1.0,0.8341999999999998,15.27
C1CO1.CC1CO1,5.0,0.0,0.0,2.0,0.0,7.0,2.0,0.0,1.0,0.42169999999999996,25.06
C1COCCN1,4.0,1.0,0.0,1.0,0.0,6.0,1.0,0.0,1.0,-0.3938000000000001,21.259999999999998
C1COCCN2CCOCCOCCN(CCO1)CCOCCOCC2,18.0,2.0,0.0,6.0,0.0,26.0,3.0,0.0,1.0,-0.28279999999999506,61.860000000000014
C1COCCO1,4.0,0.0,0.0,2.0,0.0,6.0,1.0,0.0,1.0,0.03320000000000001,18.46
C1COCCOCCNCCOCCOCCN1,12.0,2.0,0.0,4.0,0.0,18.0,1.0,0.0,1.0,-0.7543999999999971,60.980000000000004
C1COCCOCCOCCN1,8.0,1.0,0.0,3.0,0.0,12.0,1.0,0.0,1.0,-0.36059999999999887,39.72
C1COCCOCCOCCO1,8.0,0.0,0.0,4.0,0.0,12.0,1.0,0.0,1.0,0.06640000000000001,36.92
C1COCCOCCOCCOCCN1,10.0,1.0,0.0,4.0,0.0,15.0,1.0,0.0,1.0,-0.3439999999999985,48.95
C1COCCOCCOCCOCCO1,10.0,0.0,0.0,5.0,0.0,15.0,1.0,0.0,1.0,0.08300000000000085,46.150000000000006
C1COCCOCCOCCOCCOCCN1,12.0,1.0,0.0,5.0,0.0,18.0,1.0,0.0,1.0,-0.3273999999999972,58.18000000000001
C1COCCOCCOCCOCCOCCO1,12.0,0.0,0.0,6.0,0.0,18.0,1.0,0.0,1.0,0.09960000000000102,55.38000000000001
C1COCCOCCOCCOCCOCCOCCO1,14.0,0.0,0.0,7.0,0.0,21.0,1.0,0.0,1.0,0.1162000000000023,64.61000000000001
C1CSCCSCCSCCSCCSCCS1,12.0,0.0,0.0,0.0,0.0,18.0,1.0,0.0,1.0,4.399200000000004,0.0
C1C[N+]2(C[N+]34CCN(CC3)CC4)CCN1CC2,13.0,4.0,2.0,0.0,0.0,17.0,6.0,0.0,1.0,-0.7640999999999962,6.48
C1C[NH+]2CCC1CC2,7.0,1.0,0.0,0.0,0.0,8.0,3.0,0.0,1.0,-0.3150000000000004,4.44
C1N2CN3CN1CN(C2)C3,6.0,4.0,0.0,0.0,0.0,10.0,4.0,0.0,1.0,-1.0197999999999992,12.96
C1OCOCO1,3.0,0.0,0.0,3.0,0.0,6.0,1.0,0.0,1.0,-0.07769999999999999,27.69
C=CC,3.0,0.0,0.0,0.0,0.0,3.0,0.0,0.0,0.3333333333333333,1.1923,0.0
C=CCN.[Cl-].[H+],3.0,1.0,0.0,0.0,0.0,5.0,0.0,0.0,0.3333333333333333,-2.752399999999999,26.02
C=CC[N+](C)(C)CC=C,8.0,1.0,1.0,0.0,0.0,9.0,0.0,0.0,0.5,1.4347999999999999,0.0
C=CO,2.0,0.0,0.0,1.0,0.0,3.0,0.0,0.0,0.0,0.6879,20.23
CC(=O)CC(C)=O,5.0,0.0,0.0,2.0,0.0,7.0,0.0,0.0,0.6,0.5545,34.14
CC(C(O)c1ccccc1)N(C)C,11.0,1.0,0.0,1.0,0.0,13.0,1.0,1.0,0.45454545454545453,1.6701,23.47
CC(C)(C)CC(C)(C)N,8.0,1.0,0.0,0.0,0.0,9.0,0.0,0.0,1.0,2.1599000000000004,26.02
CC(C)(C)CC(C)(C)n1cc[n+](C(C)(C)CC(C)(C)C)c1,19.0,2.0,0.0,0.0,0.0,21.0,1.0,1.0,0.8421052631578947,5.118200000000005,8.809999999999999
CC(C)(C)CN,5.0,1.0,0.0,0.0,0.0,6.0,0.0,0.0,1.0,0.9912000000000001,26.02
CC(C)(C)CNCCCNCC(C)(C)C,13.0,2.0,0.0,0.0,0.0,15.0,0.0,0.0,1.0,2.647900000000001,24.06
CC(C)(C)C[N+](C)(C)C,8.0,1.0,1.0,0.0,0.0,9.0,0.0,0.0,1.0,1.7387000000000001,0.0
CC(C)(C)N,4.0,1.0,0.0,0.0,0.0,5.0,0.0,0.0,1.0,0.7436,26.02
CC(C)(C)NCCCCCNC(C)(C)C,13.0,2.0,0.0,0.0,0.0,15.0,0.0,0.0,1.0,2.932900000000001,24.06
CC(C)(C)[N+](C)(C)C,7.0,1.0,1.0,0.0,0.0,8.0,0.0,0.0,1.0,1.4911,0.0
CC(C)(C)[P+](C)(C(C)(C)C)C(C)(C)C,13.0,0.0,1.0,0.0,1.0,14.0,0.0,0.0,1.0,5.0293000000000045,0.0
CC(C)(C)[P+](CCCC[P+](C(C)(C)C)(C(C)(C)C)C(C)(C)C)(C(C)(C)C)C(C)(C)C,28.0,0.0,2.0,0.0,2.0,30.0,0.0,0.0,1.0,10.592799999999993,0.0
CC(C)(C)c1cccc(C(C)(C)C)n1,13.0,1.0,0.0,0.0,0.0,14.0,1.0,1.0,0.6153846153846154,3.6766000000000023,12.89
CC(C)(C)n1cc[n+](C(C)(C)C)c1,11.0,2.0,0.0,0.0,0.0,13.0,1.0,1.0,0.7272727272727273,2.2856000000000005,8.809999999999999
CC(C)(N)CN,4.0,2.0,0.0,0.0,0.0,6.0,0.0,0.0,1.0,-0.31760000000000027,52.04
CC(C)C12C=CC(C)(CC1)C1C[N+](C)(C)CC12,16.0,1.0,1.0,0.0,0.0,17.0,4.0,0.0,0.875,3.321100000000002,0.0
CC(C)CCC[N+](C)(C)CCCN(C)C,13.0,2.0,1.0,0.0,0.0,15.0,0.0,0.0,1.0,2.4507000000000003,3.24
CC(C)CCN,5.0,1.0,0.0,0.0,0.0,6.0,0.0,0.0,1.0,0.9912000000000001,26.02
CC(C)CCNC(C)(C)C,9.0,1.0,0.0,0.0,0.0,10.0,0.0,0.0,1.0,2.4206000000000003,12.03
CC(C)CCNC(C)C,8.0,1.0,0.0,0.0,0.0,9.0,0.0,0.0,1.0,2.0305,12.03
CC(C)CC[N+]1(C)CCCC1,10.0,1.0,1.0,0.0,0.0,11.0,1.0,0.0,1.0,2.2729,0.0
CC(C)CN,4.0,1.0,0.0,0.0,0.0,5.0,0.0,0.0,1.0,0.6011000000000001,26.02
CC(C)CN(CC(C)C)CC(C)C,12.0,1.0,0.0,0.0,0.0,13.0,0.0,0.0,1.0,3.256400000000002,3.24
CC(C)CN(CCCCCN(CC(C)C)CC(C)C)CC(C)C,21.0,2.0,0.0,0.0,0.0,23.0,0.0,0.0,1.0,5.384700000000006,6.48
CC(C)CNCC(C)(C)C,9.0,1.0,0.0,0.0,0.0,10.0,0.0,0.0,1.0,2.2781000000000002,12.03
CC(C)CNCC(C)(C)CNCC(C)C,13.0,2.0,0.0,0.0,0.0,15.0,0.0,0.0,1.0,2.5038,24.06
CC(C)CNCC(C)C,8.0,1.0,0.0,0.0,0.0,9.0,0.0,0.0,1.0,1.888,12.03
CC(C)CNCCCCCCCNCC(C)C,15.0,2.0,0.0,0.0,0.0,17.0,0.0,0.0,1.0,3.4281000000000015,24.06
CC(C)CNCCCNCC(C)C,11.0,2.0,0.0,0.0,0.0,13.0,0.0,0.0,1.0,1.8676999999999997,24.06
CC(C)C[N+]1(C)CC2CCCCCCC2C1,15.0,1.0,1.0,0.0,0.0,16.0,2.0,0.0,1.0,3.6892000000000023,0.0
CC(C)C[N+]1(C)CCCC1,9.0,1.0,1.0,0.0,0.0,10.0,1.0,0.0,1.0,1.8827999999999998,0.0
CC(C)C[N+]1(CC(C)C)C=CN=C1,11.0,2.0,1.0,0.0,0.0,13.0,1.0,0.0,0.7272727272727273,2.628300000000001,12.36
CC(C)Cn1cc[n+](CC(C)C)c1,11.0,2.0,0.0,0.0,0.0,13.0,1.0,1.0,0.7272727272727273,2.0876,8.809999999999999
CC(C)N,3.0,1.0,0.0,0.0,0.0,4.0,0.0,0.0,1.0,0.35350000000000004,26.02
CC(C)N(C(C)C)C(C)C,9.0,1.0,0.0,0.0,0.0,10.0,0.0,0.0,1.0,2.513600000000001,3.24
CC(C)N(CCCCCN(C(C)C)C(C)C)C(C)C,17.0,2.0,0.0,0.0,0.0,19.0,0.0,0.0,1.0,4.394300000000004,6.48
CC(C)N1CC2CC(C1)C[N+](C)(C)C2,12.0,2.0,1.0,0.0,0.0,14.0,2.0,0.0,1.0,1.4229,3.24
CC(C)NC(C)C,6.0,1.0,0.0,0.0,0.0,7.0,0.0,0.0,1.0,1.3927999999999998,12.03
CC(C)NCCCCCNC(C)C,11.0,2.0,0.0,0.0,0.0,13.0,0.0,0.0,1.0,2.1527000000000003,24.06
CC(C)NCCCN,6.0,2.0,0.0,0.0,0.0,8.0,0.0,0.0,1.0,0.33320000000000005,38.05
CC(C)NCCCNC(C)C,9.0,2.0,0.0,0.0,0.0,11.0,0.0,0.0,1.0,1.3724999999999998,24.06
CC(C)NCCN,5.0,2.0,0.0,0.0,0.0,7.0,0.0,0.0,1.0,-0.056900000000000284,38.05
CC(C)NCCN(C)C,7.0,2.0,0.0,0.0,0.0,9.0,0.0,0.0,1.0,0.5459999999999998,15.27
CC(C)NCCNC(C)C,8.0,2.0,0.0,0.0,0.0,10.0,0.0,0.0,1.0,0.9823999999999997,24.06
CC(C)[N+](C)(C)C,6.0,1.0,1.0,0.0,0.0,7.0,0.0,0.0,1.0,1.101,0.0
CC(C)[N+](C)(C)C(C)C,8.0,1.0,1.0,0.0,0.0,9.0,0.0,0.0,1.0,1.8796,0.0
CC(C)[N+]1(C(C)C)C=CN=C1,9.0,2.0,1.0,0.0,0.0,11.0,1.0,0.0,0.6666666666666666,2.1330999999999998,12.36
CC(C)[N+]1(C)CCC(CCCC2CC[N+](C)(C(C)C)CC2)CC1,21.0,2.0,2.0,0.0,0.0,23.0,2.0,0.0,1.0,4.6867000000000045,0.0
CC(C)[N+]1(C)CCCC(C)(C)C1,11.0,1.0,1.0,0.0,0.0,12.0,1.0,0.0,1.0,2.6614000000000013,0.0
CC(C)[N+]1(C)CCCC1,8.0,1.0,1.0,0.0,0.0,9.0,1.0,0.0,1.0,1.6352,0.0
CC(C)[P+](C(C)C)(C(C)C)C(C)C,12.0,0.0,1.0,0.0,1.0,13.0,0.0,0.0,1.0,4.637600000000004,0.0
CC(C)[P+](C)(C(C)C)C(C)C,10.0,0.0,1.0,0.0,1.0,11.0,0.0,0.0,1.0,3.8590000000000027,0.0
CC(C)c1cccc(C(C)C)c1-n1cc[n+](-c2c(C(C)C)cccc2C(C)C)c1,27.0,2.0,0.0,0.0,0.0,29.0,3.0,3.0,0.4444444444444444,7.2476000000000065,8.809999999999999
CC(C)c1n(C)cc[n+]1C,8.0,2.0,0.0,0.0,0.0,10.0,1.0,1.0,0.625,0.9730000000000001,8.809999999999999
CC(C)n1cc[n+](C(C)C)c1,9.0,2.0,0.0,0.0,0.0,11.0,1.0,1.0,0.6666666666666666,1.9374,8.809999999999999
CC(C)n1cc[n+](CCCCCCCCCCn2cc[n+](C(C)C)c2)c1,22.0,4.0,0.0,0.0,0.0,26.0,2.0,2.0,0.7272727272727273,4.847400000000005,17.619999999999997
CC(C)n1cc[n+](CCCCCCCCn2cc[n+](C(C)C)c2)c1,20.0,4.0,0.0,0.0,0.0,24.0,2.0,2.0,0.7,4.067200000000003,17.619999999999997
CC(C)n1cc[n+](CCCCCCn2cc[n+](C(C)C)c2)c1,18.0,4.0,0.0,0.0,0.0,22.0,2.0,2.0,0.6666666666666666,3.2870000000000017,17.619999999999997
CC(CCC(C)[N+]1(C)CCCCC1)[N+]1(C)CCCCC1,18.0,2.0,2.0,0.0,0.0,20.0,2.0,0.0,1.0,3.8046000000000024,0.0
CC(CN)CCCN,6.0,2.0,0.0,0.0,0.0,8.0,0.0,0.0,1.0,0.32010000000000016,52.04
CC(N)CN,3.0,2.0,0.0,0.0,0.0,5.0,0.0,0.0,1.0,-0.7077,52.04
CC(N)CNCCCN.CC(N)CNCCCN.[Ni+2],12.0,6.0,0.0,0.0,0.0,19.0,0.0,0.0,1.0,-1.4584999999999957,128.14
CC(N)CO,3.0,1.0,0.0,1.0,0.0,5.0,0.0,0.0,1.0,-0.6741000000000001,46.25
CC(N)c1ccccc1,8.0,1.0,0.0,0.0,0.0,9.0,1.0,1.0,0.25,1.7063000000000001,26.02
CC(NCCN)C(C)(C)N(C)C,9.0,3.0,0.0,0.0,0.0,12.0,0.0,0.0,1.0,0.26340000000000097,41.29
CC(O)=CC(C)=NCCN=C(C)C=C(C)O,12.0,2.0,0.0,2.0,0.0,16.0,0.0,0.0,0.5,2.831800000000001,65.18
CC(O)CN(CC(C)O)CC(C)O,9.0,1.0,0.0,3.0,0.0,13.0,0.0,0.0,1.0,-0.5691999999999999,63.93000000000001
CC(O)CNCC(C)O,6.0,1.0,0.0,2.0,0.0,9.0,0.0,0.0,1.0,-0.6623999999999999,52.489999999999995
CC(O)N(C)C,4.0,1.0,0.0,1.0,0.0,6.0,0.0,0.0,1.0,-0.11370000000000013,23.47
CC1(C)C2CCC[N+](C)(C)C1C2,11.0,1.0,1.0,0.0,0.0,12.0,3.0,0.0,1.0,2.2713,0.0
CC1(C)C2CCC[N+]3(CCCCC3)C1C2,14.0,1.0,1.0,0.0,0.0,15.0,4.0,0.0,1.0,3.1956000000000016,0.0
CC1(C)CC(N)CC(C)(C)N1,9.0,2.0,0.0,0.0,0.0,11.0,1.0,0.0,1.0,1.2543000000000002,38.05
CC1(C)CC([N+](C)(C)C)C2CC1C2(C)C,14.0,1.0,1.0,0.0,0.0,15.0,3.0,0.0,1.0,3.153400000000002,0.0
CC1(C)CC2CC(C)(C1)C[N+]2(C)C,12.0,1.0,1.0,0.0,0.0,13.0,2.0,0.0,1.0,2.6614000000000013,0.0
CC1(C)CC2CC(C)(C1)C[N+]21CCCC1,14.0,1.0,1.0,0.0,0.0,15.0,3.0,0.0,1.0,3.1956000000000016,0.0
CC1(C)CC2CC(C)(C1)C[N+]21CCCCC1,15.0,1.0,1.0,0.0,0.0,16.0,3.0,0.0,1.0,3.5857000000000028,0.0
CC1(C)CCC(C)(C)C[N+](C)(C)C1,12.0,1.0,1.0,0.0,0.0,13.0,1.0,0.0,1.0,2.9090000000000016,0.0
CC1(C)CCC[N+](C)(C)C1,9.0,1.0,1.0,0.0,0.0,10.0,1.0,0.0,1.0,1.8828,0.0
CC1(C)CCC[N+](C)(c2ccccc2)C1,14.0,1.0,1.0,0.0,0.0,15.0,2.0,1.0,0.5714285714285714,3.4437000000000024,0.0
CC1(C)CCC[N+]2(CCCC2)C1,11.0,1.0,1.0,0.0,0.0,12.0,2.0,0.0,1.0,2.4170000000000007,0.0
CC1(C)[C@H]2CC[C@@H](C[N+](C)(C)C)[C@@H]1C2,13.0,1.0,1.0,0.0,0.0,14.0,3.0,0.0,1.0,2.764900000000001,0.0
CC1(C)[C@H]2CC[C@]1(C)[C@H]([N+](C)(C)C)C2,13.0,1.0,1.0,0.0,0.0,14.0,2.0,0.0,1.0,2.9074000000000018,0.0
CC12C=CC(C3C[N+](C)(C)CC31)[N+](C)(C)C2,14.0,2.0,2.0,0.0,0.0,16.0,4.0,0.0,0.8571428571428571,1.3435,0.0
CC12CCC(C1)C(C)(C)[N+](C)(C)C2,12.0,1.0,1.0,0.0,0.0,13.0,2.0,0.0,1.0,2.6614000000000013,0.0
CC12CCC(C[N+](C)(C)C1)C2(C)C,12.0,1.0,1.0,0.0,0.0,13.0,2.0,0.0,1.0,2.5189000000000004,0.0
CC1=C(C)C(C)(C)C([Co+]C2=C(C)C(C)=C(C)C2(C)C)=C1C.F[P-](F)(F)(F)(F)F,20.0,0.0,0.0,0.0,1.0,28.0,2.0,0.0,0.6,9.751699999999994,0.0
CC1=CN(C)CN1C,6.0,2.0,0.0,0.0,0.0,8.0,1.0,0.0,0.6666666666666666,0.6824000000000001,6.48
CC1=NC(C)=C(C)[N+]1(C)C,8.0,2.0,1.0,0.0,0.0,10.0,1.0,0.0,0.625,1.7462,12.36
CC1=Nc2ccccc2[N+]1(C)C,10.0,2.0,1.0,0.0,0.0,12.0,2.0,1.0,0.3,2.317,12.36
CC1C(C)C2(C)CCC1[N+](C)(C)CC2,13.0,1.0,1.0,0.0,0.0,14.0,3.0,0.0,1.0,2.9074000000000018,0.0
CC1CC(C)C[N+](C)(C(C)C)C1,11.0,1.0,1.0,0.0,0.0,12.0,1.0,0.0,1.0,2.5173000000000005,0.0
CC1CC(C)C[N+](C)(C)C1,9.0,1.0,1.0,0.0,0.0,10.0,1.0,0.0,1.0,1.7387000000000001,0.0
CC1CC(C)C[N+]2(CCCC2)C1,11.0,1.0,1.0,0.0,0.0,12.0,2.0,0.0,1.0,2.2729,0.0
CC1CC(C)C[N+]2(CCCC2C)C1,12.0,1.0,1.0,0.0,0.0,13.0,2.0,0.0,1.0,2.6614000000000013,0.0
CC1CC(C)C[N+]2(CCCCC2)C1,12.0,1.0,1.0,0.0,0.0,13.0,2.0,0.0,1.0,2.663000000000001,0.0
CC1CC(C)C[N+]2(Cc3ccccc3C2)C1,15.0,1.0,1.0,0.0,0.0,16.0,3.0,1.0,0.6,3.1929000000000016,0.0
CC1CC2CCC1(C)CC[N+]2(C)C,12.0,1.0,1.0,0.0,0.0,13.0,3.0,0.0,1.0,2.6614000000000013,0.0
CC1CC2C[N+](C)(C)CC1(C)CC2(C)C,14.0,1.0,1.0,0.0,0.0,15.0,3.0,0.0,1.0,3.155000000000002,0.0
CC1CCCC(C)C[N+]2(CCCCC2)C1,14.0,1.0,1.0,0.0,0.0,15.0,2.0,0.0,1.0,3.4432000000000027,0.0
CC1CCCC(C)[N+]1(C)C,9.0,1.0,1.0,0.0,0.0,10.0,1.0,0.0,1.0,2.0237,0.0
CC1CCCC(C)[N+]12CCCC2,11.0,1.0,1.0,0.0,0.0,12.0,2.0,0.0,1.0,2.557900000000001,0.0
CC1CCCC(C)[N+]12CCCC2C,12.0,1.0,1.0,0.0,0.0,13.0,2.0,0.0,1.0,2.9464000000000015,0.0
CC1CCCC(C)[N+]12CCCCC2,12.0,1.0,1.0,0.0,0.0,13.0,2.0,0.0,1.0,2.9480000000000013,0.0
CC1CCCC(C)[N+]12Cc1ccccc1C2,15.0,1.0,1.0,0.0,0.0,16.0,3.0,1.0,0.6,3.4779000000000027,0.0
CC1CCCC([N+]2(C)CCCC2)C1,12.0,1.0,1.0,0.0,0.0,13.0,2.0,0.0,1.0,2.805500000000001,0.0
CC1CCCCC1N,7.0,1.0,0.0,0.0,0.0,8.0,1.0,0.0,1.0,1.5238,26.02
CC1CCCCN1,6.0,1.0,0.0,0.0,0.0,7.0,1.0,0.0,1.0,1.1484,12.03
CC1CCCC[N+]1(C)C,8.0,1.0,1.0,0.0,0.0,9.0,1.0,0.0,1.0,1.6352,0.0
CC1CCCC[N+]12Cc1ccccc1C2,14.0,1.0,1.0,0.0,0.0,15.0,3.0,1.0,0.5714285714285714,3.0894000000000013,0.0
CC1CCCN1,5.0,1.0,0.0,0.0,0.0,6.0,1.0,0.0,1.0,0.7583,12.03
CC1CCC[N+](C)(C)C1,8.0,1.0,1.0,0.0,0.0,9.0,1.0,0.0,1.0,1.4927000000000001,0.0
CC1CCC[N+]12CCCC(C)(C)C2,12.0,1.0,1.0,0.0,0.0,13.0,2.0,0.0,1.0,2.805500000000001,0.0
CC1CCC[N+]12CCCC1CCCCC12,14.0,1.0,1.0,0.0,0.0,15.0,3.0,0.0,1.0,3.3381000000000025,0.0
CC1CCC[N+]12CCCCCC2,11.0,1.0,1.0,0.0,0.0,12.0,2.0,0.0,1.0,2.5595000000000008,0.0
CC1CCC[N+]12CC[N+]1(CCCC1C)C(C)C2,15.0,2.0,2.0,0.0,0.0,17.0,3.0,0.0,1.0,2.3867000000000003,0.0
CC1CCC[N+]2(CCCC2)C1,10.0,1.0,1.0,0.0,0.0,11.0,2.0,0.0,1.0,2.0269,0.0
CC1CCC[N+]2(CCCC[N+]3(CCCC(C)C3)C2)C1,17.0,2.0,2.0,0.0,0.0,19.0,3.0,0.0,1.0,3.2311000000000023,0.0
CC1CCC[N+]2(Cc3ccccc3C2)C1,14.0,1.0,1.0,0.0,0.0,15.0,3.0,1.0,0.5714285714285714,2.946900000000001,0.0
CC1CCC[N+]2(Cc3ccccc3C[N+]3(CCCC(C)C3)C2)C1,21.0,2.0,2.0,0.0,0.0,23.0,4.0,1.0,0.7142857142857143,4.151100000000004,0.0
CC1CCC[N@@+]12CCCC(C)(C)C2,12.0,1.0,1.0,0.0,0.0,13.0,2.0,0.0,1.0,2.805500000000001,0.0
CC1CCNCC1,6.0,1.0,0.0,0.0,0.0,7.0,1.0,0.0,1.0,1.0059,12.03
CC1CCOC2(CC[N+](C)(C)CC2)O1,11.0,1.0,1.0,2.0,0.0,14.0,2.0,0.0,1.0,1.3782999999999999,18.46
CC1CC[N+](C)(C)C2CC1C2(C)C,12.0,1.0,1.0,0.0,0.0,13.0,3.0,0.0,1.0,2.5173000000000005,0.0
CC1CC[N+](C)(C)CC1,8.0,1.0,1.0,0.0,0.0,9.0,1.0,0.0,1.0,1.4927,0.0
CC1CC[N+](C)(C2CCCCCCC2)C1,14.0,1.0,1.0,0.0,0.0,15.0,2.0,0.0,1.0,3.5857000000000028,0.0
CC1CC[N+](C)(Cc2ccccc2)CC1,14.0,1.0,1.0,0.0,0.0,15.0,2.0,1.0,0.5714285714285714,3.0631000000000013,0.0
CC1CC[N+]2(CC1)Cc1ccccc1C2,14.0,1.0,1.0,0.0,0.0,15.0,3.0,1.0,0.5714285714285714,2.946900000000001,0.0
CC1CC[N+]2(CCCC2)CC1,10.0,1.0,1.0,0.0,0.0,11.0,2.0,0.0,1.0,2.0269,0.0
CC1CC[N+]2(CCCC3CCCCC32)CC1,15.0,1.0,1.0,0.0,0.0,16.0,3.0,0.0,1.0,3.5857000000000028,0.0
CC1CC[N+]2(CCCCC2)C2CC1C2(C)C,15.0,1.0,1.0,0.0,0.0,16.0,4.0,0.0,1.0,3.441600000000002,0.0
CC1CC[NH+](C)C1.CCCC,10.0,1.0,0.0,0.0,0.0,11.0,1.0,0.0,1.0,1.3472999999999995,4.44
CC1CNCC(C)C1,7.0,1.0,0.0,0.0,0.0,8.0,1.0,0.0,1.0,1.2519,12.03
CC1CNCCN1,5.0,2.0,0.0,0.0,0.0,7.0,1.0,0.0,1.0,-0.4323000000000001,24.06
CC1COC2(CC[N+](C)(C)CC2)O1,10.0,1.0,1.0,2.0,0.0,13.0,2.0,0.0,1.0,0.9882,18.46
CC1C[N+]2(C)CCN1CC2,8.0,2.0,1.0,0.0,0.0,10.0,3.0,0.0,1.0,0.15070000000000006,3.24
CC1C[N+]2(C)CCN1CC2C,9.0,2.0,1.0,0.0,0.0,11.0,3.0,0.0,1.0,0.5391999999999999,3.24
CC1C[N+]2(CCCCC2)CC[N+]12CCCCC2,15.0,2.0,2.0,0.0,0.0,17.0,3.0,0.0,1.0,2.3899,0.0
CC1C[N+]2(CCCCCCCC[N+]34CCN(CC3)C(C)C4)CCN1CC2,22.0,4.0,2.0,0.0,0.0,26.0,6.0,0.0,1.0,2.3960000000000026,6.48
CC1C[N+]2(CCCCCCCC[N+]34CCN(CC3C)C(C)C4)CCN1CC2C,24.0,4.0,2.0,0.0,0.0,28.0,6.0,0.0,1.0,3.1730000000000027,6.48
CC1C[N+]2(CCCCCC[N+]34CCN(CC3)C(C)C4)CCN1CC2,20.0,4.0,2.0,0.0,0.0,24.0,6.0,0.0,1.0,1.6158000000000023,6.48
CC1C[N+]2(CCCCCC[N+]34CCN(CC3C)C(C)C4)CCN1CC2C,22.0,4.0,2.0,0.0,0.0,26.0,6.0,0.0,1.0,2.392800000000003,6.48
CC1C[N+]2(CCCC[N+]34CCN(CC3)C(C)C4)CCN1CC2,18.0,4.0,2.0,0.0,0.0,22.0,6.0,0.0,1.0,0.835600000000003,6.48
CC1C[N+]2(CCCC[N+]34CCN(CC3C)C(C)C4)CCN1CC2C,20.0,4.0,2.0,0.0,0.0,24.0,6.0,0.0,1.0,1.6126000000000018,6.48
CC1N(C)C=CN1C,6.0,2.0,0.0,0.0,0.0,8.0,1.0,0.0,0.6666666666666666,0.6808000000000001,6.48
CCC,3.0,0.0,0.0,0.0,0.0,3.0,0.0,0.0,1.0,1.4163,0.0
CCC(C)C[N+]1(C)CCC(CCCC2CC[N+](C)(CC(C)CC)CC2)CC1,25.0,2.0,2.0,0.0,0.0,27.0,2.0,0.0,1.0,5.962100000000007,0.0
CCC(C)N,4.0,1.0,0.0,0.0,0.0,5.0,0.0,0.0,1.0,0.7436,26.02
CCC(C)N(CCCCCN(C(C)CC)C(C)CC)C(C)CC,21.0,2.0,0.0,0.0,0.0,23.0,0.0,0.0,1.0,5.954700000000007,6.48
CCC(CC)C(CC)(CC)C(CC)(CC)CC.[NH4+].[NH4+],17.0,2.0,0.0,0.0,0.0,19.0,0.0,0.0,1.0,7.197800000000005,73.0
CCC(CC)n1cc[n+](C(CC)CC)c1,13.0,2.0,0.0,0.0,0.0,15.0,1.0,1.0,0.7692307692307693,3.4978000000000025,8.809999999999999
CCC(N)CCCN,6.0,2.0,0.0,0.0,0.0,8.0,0.0,0.0,1.0,0.4626,52.04
CCC(N)CCN,5.0,2.0,0.0,0.0,0.0,7.0,0.0,0.0,1.0,0.0724999999999999,52.04
CCC(N)N,3.0,2.0,0.0,0.0,0.0,5.0,0.0,0.0,1.0,-0.36010000000000003,52.04
CCC1CCCC[N+]1(C)C,9.0,1.0,1.0,0.0,0.0,10.0,1.0,0.0,1.0,2.0253,0.0
CCC1CCCC[N+]12CCCCC2,12.0,1.0,1.0,0.0,0.0,13.0,2.0,0.0,1.0,2.949600000000001,0.0
CCC1CCCC[N+]12Cc1ccccc1C2,15.0,1.0,1.0,0.0,0.0,16.0,3.0,1.0,0.6,3.4795000000000025,0.0
CCC1COC2(CC[N+](C)(C)CC2)O1,11.0,1.0,1.0,2.0,0.0,14.0,2.0,0.0,1.0,1.3782999999999999,18.46
CCCC(C)N,5.0,1.0,0.0,0.0,0.0,6.0,0.0,0.0,1.0,1.1337,26.02
CCCCC(CC)(CN)CCCN,11.0,2.0,0.0,0.0,0.0,13.0,0.0,0.0,1.0,2.2706,52.04
CCCCCC(C)N,7.0,1.0,0.0,0.0,0.0,8.0,0.0,0.0,1.0,1.9139000000000002,26.02
CCCCCC(N)N,6.0,2.0,0.0,0.0,0.0,8.0,0.0,0.0,1.0,0.8102000000000003,52.04
CCCCCCCC(N)N,8.0,2.0,0.0,0.0,0.0,10.0,0.0,0.0,1.0,1.5904,52.04
CCCCCCCCCCCCCCCCCCCCCC[N+](C)(C)CCCCCC[N+](C)(C)CCCCCC,38.0,2.0,2.0,0.0,0.0,40.0,0.0,0.0,1.0,12.101799999999987,0.0
CCCCCCCCCCCCCCCCCCCCCC[N+](C)(C)CCCCCC[N+](C)(C)CCCCCC[N+](C)(C)CCCCCC[N+](C)(C)CCCCCC,54.0,4.0,4.0,0.0,0.0,58.0,0.0,0.0,1.0,15.375399999999969,0.0
CCCCCCCCCCCCCCCCCCCCCC[N+](C)(C)CCCCCC[N+](C)(C)Cc1ccc([N+](C)(C)CCCCCC[N+](C)(C)Cc2ccc([N+](C)(C)CCCCCC[N+](C)(C)CCCCCCCCCCCCCCCCCCCCCC)cc2)cc1,88.0,6.0,6.0,0.0,0.0,94.0,2.0,2.0,0.8636363636363636,25.151200000000042,0.0
CCCCCCCCCCCCCCCCCC[N+](C)(C)C,21.0,1.0,1.0,0.0,0.0,22.0,0.0,0.0,1.0,6.9541000000000075,0.0
CCCCCCCCCCCCCCCCCC[N+](C)(C)CCCCCCC[N+](C)(C)CCCC,33.0,2.0,2.0,0.0,0.0,35.0,0.0,0.0,1.0,10.151299999999997,0.0
CCCCCCCCCCCCCCCCCC[N+](C)(C)CCCCCCN(C)C,28.0,2.0,1.0,0.0,0.0,30.0,0.0,0.0,1.0,8.446300000000006,3.24
CCCCCCCCCCCCCCCCCC[N+](C)(C)CCCCCC[N+](C)(C)CCCCCC,34.0,2.0,2.0,0.0,0.0,36.0,0.0,0.0,1.0,10.541399999999996,0.0
CCCCCCCCCCCCCCCCCC[N+](C)(C)CCCCCC[N+](C)(C)CCCCCCCCCCCCCCCCCC,46.0,2.0,2.0,0.0,0.0,48.0,0.0,0.0,1.0,15.222599999999966,0.0
CCCCCCCCCCCCCCCCCC[N+](C)(C)CCC[Si](OC)(OC)OC,26.0,1.0,1.0,3.0,0.0,31.0,0.0,0.0,1.0,7.592500000000008,27.69
CCCCCCCCCCCCCCCCCC[N+](C)(C)CCC[Si](OCC)(OCC)OCC,29.0,1.0,1.0,3.0,0.0,34.0,0.0,0.0,1.0,8.762800000000006,27.69
CCCCCCCCCCCCCCCCCC[N+](C)(C)CC[N+](C)(C)CCCCCCCC,32.0,2.0,2.0,0.0,0.0,34.0,0.0,0.0,1.0,9.7612,0.0
CCCCCCCCCCCCCCCCC[N+]12CC[N+](CCCCCC[N+]34CC[N+](CCCCCCCCCCCCCCCC)(CC3)CC4)(CC1)CC2,51.0,4.0,4.0,0.0,0.0,55.0,6.0,0.0,1.0,13.22109999999998,0.0
CCCCCCCCCCCCCCCCN,16.0,1.0,0.0,0.0,0.0,17.0,0.0,0.0,1.0,5.4264000000000046,26.02
CCCCCCCCCCCCCCCC[N+](C)(C)C,19.0,1.0,1.0,0.0,0.0,20.0,0.0,0.0,1.0,6.173900000000007,0.0
CCCCCCCCCCCCCCCC[N+](C)(C)C.[Br-],19.0,1.0,1.0,0.0,0.0,21.0,0.0,0.0,1.0,3.177900000000001,0.0
CCCCCCCCCCCCCCCC[N+](C)(C)CCCCCC[N+](C)(C)C12CC3CC(CC(C3)C1)C2,36.0,2.0,2.0,0.0,0.0,38.0,4.0,0.0,1.0,10.149699999999998,0.0
CCCCCCCCCCCCCCCC[N+](C)(C)CCCCCC[N+](C)(C)CCCCCC,32.0,2.0,2.0,0.0,0.0,34.0,0.0,0.0,1.0,9.7612,0.0
CCCCCCCCCCCCCCCC[N+](C)(C)CCCCCC[N+](C)(C)CCCCCC[N+](C)(C)CCCCCC[N+](C)(C)CCCCCCCCCCCCCCCC,58.0,4.0,4.0,0.0,0.0,62.0,0.0,0.0,1.0,16.935799999999976,0.0
CCCCCCCCCCCCCCCC[N+](C)(C)CCCCCC[N+](C)(C)Cc1ccc(C[N+](C)(C)CCCCCC[N+](C)(C)CCCCCCCCCCCCCCCC)cc1,60.0,4.0,4.0,0.0,0.0,64.0,1.0,1.0,0.9,17.075599999999973,0.0
CCCCCCCCCCCCCCCC[N+](C)(C)CCCCC[N+](C)(C)C12CC3CC(CC(C3)C1)C2,35.0,2.0,2.0,0.0,0.0,37.0,4.0,0.0,1.0,9.7596,0.0
CCCCCCCCCCCCCCCC[N+](C)(C)CCCC[N+](C)(C)C12CC3CC(CC(C3)C1)C2,34.0,2.0,2.0,0.0,0.0,36.0,4.0,0.0,1.0,9.369500000000002,0.0
CCCCCCCCCCCCCCCC[N+](C)(C)CCC[Si](OC)(OC)OC,24.0,1.0,1.0,3.0,0.0,29.0,0.0,0.0,1.0,6.812300000000008,27.69
CCCCCCCCCCCCCCCC[N+]1(C)CCC(CCCC2CC[N+](C)(CCCCCCCCCCCCCCCC)CC2)CC1,47.0,2.0,2.0,0.0,0.0,49.0,2.0,0.0,1.0,14.83249999999997,0.0
CCCCCCCCCCCCCCCC[N+]1(C)CCCC1,21.0,1.0,1.0,0.0,0.0,22.0,1.0,0.0,1.0,6.708100000000007,0.0
CCCCCCCCCCCCCCCC[N+]1(C)CCCCC1,22.0,1.0,1.0,0.0,0.0,23.0,1.0,0.0,1.0,7.098200000000008,0.0
CCCCCCCCCCCCCCCC[N+]12CC[N+](C)(CC1)CC2,23.0,2.0,2.0,0.0,0.0,25.0,3.0,0.0,1.0,5.7583000000000055,0.0
CCCCCCCCCCCCCCCC[Si](OC)(OC)OC,19.0,0.0,0.0,3.0,0.0,23.0,0.0,0.0,1.0,6.345800000000007,27.69
CCCCCCCCCCCCCCCC[n+]1ccn(C)c1C,21.0,2.0,0.0,0.0,0.0,23.0,1.0,1.0,0.8571428571428571,6.102320000000006,8.809999999999999
CCCCCCCCCCCCCCN,14.0,1.0,0.0,0.0,0.0,15.0,0.0,0.0,1.0,4.646200000000003,26.02
CCCCCCCCCCCCCC[N+](C)(C)C,17.0,1.0,1.0,0.0,0.0,18.0,0.0,0.0,1.0,5.393700000000005,0.0
CCCCCCCCCCCCN,12.0,1.0,0.0,0.0,0.0,13.0,0.0,0.0,1.0,3.8660000000000023,26.02
CCCCCCCCCCCC[N+](C)(C)C,15.0,1.0,1.0,0.0,0.0,16.0,0.0,0.0,1.0,4.613500000000005,0.0
CCCCCCCCCC[N+](C)(C)C,13.0,1.0,1.0,0.0,0.0,14.0,0.0,0.0,1.0,3.833300000000003,0.0
CCCCCCCCC[N+](C)(C)C,12.0,1.0,1.0,0.0,0.0,13.0,0.0,0.0,1.0,3.4432000000000027,0.0
CCCCCCCCC[N+]1(C)CCC(CCCC2CC[N+](C)(CCCCCCCCC)CC2)CC1,33.0,2.0,2.0,0.0,0.0,35.0,2.0,0.0,1.0,9.371100000000002,0.0
CCCCCCCCN,8.0,1.0,0.0,0.0,0.0,9.0,0.0,0.0,1.0,2.3056,26.02
CCCCCCCC[N+](C)(C)C,11.0,1.0,1.0,0.0,0.0,12.0,0.0,0.0,1.0,3.0531000000000015,0.0
CCCCCCCC[N+]1(C)CCC(CCCC2CC[N+](C)(CCCCCCCC)CC2)CC1,31.0,2.0,2.0,0.0,0.0,33.0,2.0,0.0,1.0,8.590900000000008,0.0
CCCCCCCN,7.0,1.0,0.0,0.0,0.0,8.0,0.0,0.0,1.0,1.9155,26.02
CCCCCCC[N+](C)(C)C,10.0,1.0,1.0,0.0,0.0,11.0,0.0,0.0,1.0,2.663000000000001,0.0
CCCCCCC[N+](C)(C)CCC[N+](C)(C)CCCCCCC[N+](C)(C)CCC[N+](C)(C)C,29.0,4.0,4.0,0.0,0.0,33.0,0.0,0.0,1.0,5.622900000000008,0.0
CCCCCCC[N+]1(C)CCC(CCCC2CC[N+](C)(CCCCCCC)CC2)CC1,29.0,2.0,2.0,0.0,0.0,31.0,2.0,0.0,1.0,7.81070000000001,0.0
CCCCCCN,6.0,1.0,0.0,0.0,0.0,7.0,0.0,0.0,1.0,1.5253999999999999,26.02
CCCCCCNCCCCCC,12.0,1.0,0.0,0.0,0.0,13.0,0.0,0.0,1.0,3.736600000000003,12.03
CCCCCC[N+](C)(C)C,9.0,1.0,1.0,0.0,0.0,10.0,0.0,0.0,1.0,2.2729,0.0
CCCCCC[N+](C)(C)CCCCCC[N+](C)(C)CCCCCC[N+](C)(C)CCCOCCCOCCCOCCC[N+](C)(C)CCCCCC[N+](C)(C)CCCCCC[N+](C)(C)CCCCCC,60.0,6.0,6.0,3.0,0.0,69.0,0.0,0.0,1.0,12.457199999999988,27.69
CCCCCC[N+](C)(C)Cc1ccc(C[N+](C)(C)CCCCCC)cc1,24.0,2.0,2.0,0.0,0.0,26.0,1.0,1.0,0.75,6.000000000000007,0.0
CCCCCC[N+]1(C)CCC(CCCC2CC[N+](C)(CCCCCC)CC2)CC1,27.0,2.0,2.0,0.0,0.0,29.0,2.0,0.0,1.0,7.030500000000009,0.0
CCCCCC[N+]12CCC(CC1)CC2,13.0,1.0,1.0,0.0,0.0,14.0,3.0,0.0,1.0,3.1972000000000023,0.0
CCCCCC[n+]1ccn(C)c1C,11.0,2.0,0.0,0.0,0.0,13.0,1.0,1.0,0.7272727272727273,2.20132,8.809999999999999
CCCCCN,5.0,1.0,0.0,0.0,0.0,6.0,0.0,0.0,1.0,1.1353,26.02
CCCCCN(CCCCC)CCCCCN(CCCCC)CCCCC,25.0,2.0,0.0,0.0,0.0,27.0,0.0,0.0,1.0,7.521500000000009,6.48
CCCCCNCCCCC,10.0,1.0,0.0,0.0,0.0,11.0,0.0,0.0,1.0,2.9564000000000012,12.03
CCCCC[N+](C)(C)C,8.0,1.0,1.0,0.0,0.0,9.0,0.0,0.0,1.0,1.8828,0.0
CCCCC[N+](C)(C)CCCN(C)C,12.0,2.0,1.0,0.0,0.0,14.0,0.0,0.0,1.0,2.2047,3.24
CCCCC[N+]1(C)CCC(CCCC2CC[N+](C)(CCCCC)CC2)CC1,25.0,2.0,2.0,0.0,0.0,27.0,2.0,0.0,1.0,6.250300000000007,0.0
CCCCC[N+]12CCC(CC1)CC2,12.0,1.0,1.0,0.0,0.0,13.0,3.0,0.0,1.0,2.807100000000001,0.0
CCCCN,4.0,1.0,0.0,0.0,0.0,5.0,0.0,0.0,1.0,0.7452000000000001,26.02
CCCCN(CCCC)CCCC,12.0,1.0,0.0,0.0,0.0,13.0,0.0,0.0,1.0,3.6887000000000025,3.24
CCCCN(CCCC)CCCCCN(CCCC)CCCC,21.0,2.0,0.0,0.0,0.0,23.0,0.0,0.0,1.0,5.961100000000007,6.48
CCCCN.[NH4+],4.0,2.0,0.0,0.0,0.0,6.0,0.0,0.0,1.0,1.1214,62.519999999999996
CCCCN1C=CN(CC)C1C(=O)[O-],10.0,2.0,0.0,2.0,0.0,14.0,1.0,0.0,0.7,-0.02880000000000016,46.61
CCCCNC,5.0,1.0,0.0,0.0,0.0,6.0,0.0,0.0,1.0,1.0059,12.03
CCCCNC(C)C,7.0,1.0,0.0,0.0,0.0,8.0,0.0,0.0,1.0,1.7845,12.03
CCCCNCC,6.0,1.0,0.0,0.0,0.0,7.0,0.0,0.0,1.0,1.396,12.03
CCCCNCCCC,8.0,1.0,0.0,0.0,0.0,9.0,0.0,0.0,1.0,2.1761999999999997,12.03
CCCCNCCNCCCC,10.0,2.0,0.0,0.0,0.0,12.0,0.0,0.0,1.0,1.7657999999999996,24.06
CCCCO,4.0,0.0,0.0,1.0,0.0,5.0,0.0,0.0,1.0,0.7787999999999999,20.23
CCCC[N+](C)(C)C1CCCCC1,12.0,1.0,1.0,0.0,0.0,13.0,1.0,0.0,1.0,3.1956000000000016,0.0
CCCC[N+](C)(C)C1CCCCCC1,13.0,1.0,1.0,0.0,0.0,14.0,1.0,0.0,1.0,3.5857000000000028,0.0
CCCC[N+](C)(CCCC)CCCC,13.0,1.0,1.0,0.0,0.0,14.0,0.0,0.0,1.0,3.833300000000003,0.0
CCCC[N+](CC)(CC)CC,10.0,1.0,1.0,0.0,0.0,11.0,0.0,0.0,1.0,2.663000000000001,0.0
CCCC[N+](CC)(CCCC)CCCC,14.0,1.0,1.0,0.0,0.0,15.0,0.0,0.0,1.0,4.223400000000004,0.0
CCCC[N+](CCCC)(CCCC)CCCC,16.0,1.0,1.0,0.0,0.0,17.0,0.0,0.0,1.0,5.003600000000005,0.0
CCCC[N+](CCCC)(CCCC)CCCCCCC[N+](CCCC)(CCCC)CCCC,31.0,2.0,2.0,0.0,0.0,33.0,0.0,0.0,1.0,9.371100000000002,0.0
CCCC[N+](CCCC)(CCCC)CCC[Si](OC)(OC)OC,18.0,1.0,1.0,3.0,0.0,23.0,0.0,0.0,1.0,4.471700000000005,27.69
CCCC[N+]1(C)CCC(CCCC2CC[N+](C)(CCCC)CC2)CC1,23.0,2.0,2.0,0.0,0.0,25.0,2.0,0.0,1.0,5.470100000000006,0.0
CCCC[N+]1(C)CCCC1,9.0,1.0,1.0,0.0,0.0,10.0,1.0,0.0,1.0,2.0269,0.0
CCCC[N+]1(C)CCCCCC1,11.0,1.0,1.0,0.0,0.0,12.0,1.0,0.0,1.0,2.807100000000001,0.0
CCCC[N+]1(C)CC[N+](CCC)(CCC)CC1,15.0,2.0,2.0,0.0,0.0,17.0,1.0,0.0,1.0,2.8835000000000015,0.0
CCCC[N+]1(C2CCCCC2)CCCC1,14.0,1.0,1.0,0.0,0.0,15.0,2.0,0.0,1.0,3.7298000000000027,0.0
CCCC[N+]1(C2CCCCCCC2)CCC(C)C1,17.0,1.0,1.0,0.0,0.0,18.0,2.0,0.0,1.0,4.756000000000005,0.0
CCCC[N+]1(C2CCCCCCC2)CCCC1,16.0,1.0,1.0,0.0,0.0,17.0,2.0,0.0,1.0,4.510000000000004,0.0
CCCC[N+]12CCC(CC1)CC2,11.0,1.0,1.0,0.0,0.0,12.0,3.0,0.0,1.0,2.4170000000000007,0.0
CCCC[P+](CCCC)(CCCC)CCCC,16.0,0.0,1.0,0.0,1.0,17.0,0.0,0.0,1.0,6.204400000000007,0.0
CCCC[S+](CCCC)CCCC,12.0,0.0,0.0,0.0,0.0,13.0,0.0,0.0,1.0,4.0050000000000034,0.0
CCCC[n+]1ccc(C)c(C)c1,11.0,1.0,0.0,0.0,0.0,12.0,1.0,1.0,0.5454545454545454,2.3910400000000003,3.88
CCCC[n+]1ccc(C)cc1,10.0,1.0,0.0,0.0,0.0,11.0,1.0,1.0,0.5,2.08262,3.88
CCCC[n+]1ccccc1,9.0,1.0,0.0,0.0,0.0,10.0,1.0,1.0,0.4444444444444444,1.7742,3.88
CCCC[n+]1ccn(C)c1,8.0,2.0,0.0,0.0,0.0,10.0,1.0,1.0,0.625,1.1127,8.809999999999999
CCCC[n+]1ccn(C)c1.[Br-],8.0,2.0,0.0,0.0,0.0,11.0,1.0,1.0,0.625,-1.8832999999999969,8.809999999999999
CCCC[n+]1ccn(C)c1C,9.0,2.0,0.0,0.0,0.0,11.0,1.0,1.0,0.6666666666666666,1.42112,8.809999999999999
CCCCn1cc[n+](C)c1,8.0,2.0,0.0,0.0,0.0,10.0,1.0,1.0,0.625,1.1127,8.809999999999999
CCCN,3.0,1.0,0.0,0.0,0.0,4.0,0.0,0.0,1.0,0.3551000000000001,26.02
CCCN(CCC)CCC,9.0,1.0,0.0,0.0,0.0,10.0,0.0,0.0,1.0,2.5184000000000006,3.24
CCCN(CCC)CCCCCN(CCC)CCC,17.0,2.0,0.0,0.0,0.0,19.0,0.0,0.0,1.0,4.400700000000004,6.48
CCCNCC(C)C,7.0,1.0,0.0,0.0,0.0,8.0,0.0,0.0,1.0,1.642,12.03
CCCNCCC,6.0,1.0,0.0,0.0,0.0,7.0,0.0,0.0,1.0,1.396,12.03
CCC[N+](C)(C)C,6.0,1.0,1.0,0.0,0.0,7.0,0.0,0.0,1.0,1.1025999999999998,0.0
CCC[N+](C)(C)CCC,8.0,1.0,1.0,0.0,0.0,9.0,0.0,0.0,1.0,1.8827999999999998,0.0
CCC[N+](C)(C)CCCCCC[N+](C)(C)CCC,16.0,2.0,2.0,0.0,0.0,18.0,0.0,0.0,1.0,3.5196000000000023,0.0
CCC[N+](C)(CCC)CCC,10.0,1.0,1.0,0.0,0.0,11.0,0.0,0.0,1.0,2.663000000000001,0.0
CCC[N+](CCC)(CCC)CCC,12.0,1.0,1.0,0.0,0.0,13.0,0.0,0.0,1.0,3.443200000000002,0.0
CCC[N+](CCC)(CCC)CCCCCC[N+](CCC)(CCC)CCC,24.0,2.0,2.0,0.0,0.0,26.0,0.0,0.0,1.0,6.640400000000008,0.0
CCC[N+](CCC)(CCC)CCCCCC[N+](CCC)(CCC)CCCCCC[N+](CCC)(CCC)CCC,36.0,3.0,3.0,0.0,0.0,39.0,0.0,0.0,1.0,9.8376,0.0
CCC[N+](CCC)(CCC)CCCCC[N+](CCC)(CCC)CCC,23.0,2.0,2.0,0.0,0.0,25.0,0.0,0.0,1.0,6.250300000000007,0.0
CCC[N+](CCC)(CCC)CCC[Si](OC)(OC)OC,15.0,1.0,1.0,3.0,0.0,20.0,0.0,0.0,1.0,3.301400000000002,27.69
CCC[N+]1(C(C)C)CC2C3C=CC(C2C1)C1C[N+](CCC)(C(C)C)CC31,24.0,2.0,2.0,0.0,0.0,26.0,5.0,0.0,0.9166666666666666,4.564600000000004,0.0
CCC[N+]1(C)CCC(CCCC2CC[N+](C)(CCC)CC2)CC1,21.0,2.0,2.0,0.0,0.0,23.0,2.0,0.0,1.0,4.689900000000004,0.0
CCC[N+]1(C)CCC([N+]2(C)CCCC2)CC1,14.0,2.0,2.0,0.0,0.0,16.0,2.0,0.0,1.0,2.2458,0.0
CCC[N+]1(C)CCCC1,8.0,1.0,1.0,0.0,0.0,9.0,1.0,0.0,1.0,1.6367999999999998,0.0
CCC[N+]1(C)CCCCC1,9.0,1.0,1.0,0.0,0.0,10.0,1.0,0.0,1.0,2.0269,0.0
CCC[N+]1(C)CCNCC1,8.0,2.0,1.0,0.0,0.0,10.0,1.0,0.0,1.0,0.44619999999999976,12.03
CCC[N+]1(C2CCCCC2)CCCC1,13.0,1.0,1.0,0.0,0.0,14.0,2.0,0.0,1.0,3.3397000000000023,0.0
CCC[N+]1(C2CCCCCCC2)CCCC1,15.0,1.0,1.0,0.0,0.0,16.0,2.0,0.0,1.0,4.119900000000004,0.0
CCC[N+]1(CC)CCC([N+]2(CC)CCCC2)CC1,16.0,2.0,2.0,0.0,0.0,18.0,2.0,0.0,1.0,3.0260000000000016,0.0
CCC[N+]1(CCC)CCC([N+]2(CCC)CCCC2)CC1,18.0,2.0,2.0,0.0,0.0,20.0,2.0,0.0,1.0,3.806200000000003,0.0
CCC[N+]12CCC(CC1)CC2,10.0,1.0,1.0,0.0,0.0,11.0,3.0,0.0,1.0,2.0269,0.0
CCCn1cc[n+](Cc2ccccc2)c1C,14.0,2.0,0.0,0.0,0.0,16.0,2.0,2.0,0.35714285714285715,2.542320000000001,8.809999999999999
CCN,2.0,1.0,0.0,0.0,0.0,3.0,0.0,0.0,1.0,-0.03499999999999981,26.02
CCN(C(C)C)C(C)C,8.0,1.0,0.0,0.0,0.0,9.0,0.0,0.0,1.0,2.1250999999999998,3.24
CCN(CC)CC,6.0,1.0,0.0,0.0,0.0,7.0,0.0,0.0,1.0,1.3481,3.24
CCN(CC)CCCCCN(CC)CC,13.0,2.0,0.0,0.0,0.0,15.0,0.0,0.0,1.0,2.840300000000001,6.48
CCN(CC)CCN,6.0,2.0,0.0,0.0,0.0,8.0,0.0,0.0,1.0,0.28690000000000004,29.259999999999998
CCN(CC)CCO,6.0,1.0,0.0,1.0,0.0,8.0,0.0,0.0,1.0,0.32050000000000006,23.47
CCN(CC)c1ccc2c(-c3ccccc3C(=O)O)c3ccc(N(CC)CC)cc3[o+]c2c1.[Cl-],28.0,2.0,0.0,3.0,0.0,34.0,4.0,4.0,0.2857142857142857,3.9287000000000027,55.08000000000001
CCN(CCO)CCO,6.0,1.0,0.0,2.0,0.0,9.0,0.0,0.0,1.0,-0.7071000000000003,43.7
CCN1C=CN(C)C1C(=O)[O-],7.0,2.0,0.0,2.0,0.0,11.0,1.0,0.0,0.5714285714285714,-1.1990999999999994,46.61
CCN1CC2CC(C1)[N+](C)(C)C2,10.0,2.0,1.0,0.0,0.0,12.0,2.0,0.0,1.0,0.7867999999999997,3.24
CCN1CCCC1=O,6.0,1.0,0.0,1.0,0.0,8.0,1.0,0.0,0.8333333333333334,0.6287,20.310000000000002
CCN1CCNCC1,6.0,2.0,0.0,0.0,0.0,8.0,1.0,0.0,1.0,-0.08850000000000002,15.27
CCNC,3.0,1.0,0.0,0.0,0.0,4.0,0.0,0.0,1.0,0.22569999999999996,12.03
CCNC1(c2ccccc2)CCCCC1,14.0,1.0,0.0,0.0,0.0,15.0,2.0,1.0,0.5714285714285714,3.4555000000000025,12.03
CCNC=O,3.0,1.0,0.0,1.0,0.0,5.0,0.0,0.0,0.6666666666666666,-0.24769999999999998,29.1
CCNCC,4.0,1.0,0.0,0.0,0.0,5.0,0.0,0.0,1.0,0.6157999999999999,12.03
CCNCCC(C)C,7.0,1.0,0.0,0.0,0.0,8.0,0.0,0.0,1.0,1.642,12.03
CCNCCN(C)C,6.0,2.0,0.0,0.0,0.0,8.0,0.0,0.0,1.0,0.15749999999999997,15.27
CCNCCNCC,6.0,2.0,0.0,0.0,0.0,8.0,0.0,0.0,1.0,0.20540000000000008,24.06
CCOC(C[N+](C)(C)C)OCC,9.0,1.0,1.0,2.0,0.0,12.0,0.0,0.0,1.0,1.0917,18.46
CCO[Si](OCC)(OCC)c1ccc([Si](OCC)(OCC)OCC)cc1,18.0,0.0,0.0,6.0,0.0,26.0,1.0,1.0,0.6666666666666666,2.1974,55.38000000000001
CC[C@@H]1CCCC[N+]1(C)C,9.0,1.0,1.0,0.0,0.0,10.0,1.0,0.0,1.0,2.0253,0.0
CC[C@@H]1CCCC[N@@+]1(C)CC,10.0,1.0,1.0,0.0,0.0,11.0,1.0,0.0,1.0,2.415400000000001,0.0
CC[C@H](C)[C@H](NC(=O)[C@H](CC(C)C)NC(=O)[C@H](CO)NC(=O)[C@H](Cc1cnc[nH]1)NC(=O)[C@@H](NC(=O)[C@H](CC(C)C)NC(=O)[C@H](CO)NC(=O)[C@@H](NC(=O)[C@H](Cc1ccc(O)cc1)NC(C)=O)[C@@H](C)O)[C@@H](C)CC)C(=O)N[C@@H](CCC(=O)O)C(=O)N[C@@H](CCC(=O)O)C(=O)N[C@@H](CO)C(=O)N[C@@H](CCC(N)=O)C(=O)N[C@@H](CC(N)=O)C(=O)N[C@@H](CCC(N)=O)C(=O)N[C@@H](CCC(N)=O)C(=O)N[C@@H](CCC(=O)O)C(=O)N[C@@H](CCCCN)C(=O)N[C@@H](CC(N)=O)C(=O)N[C@@H](CCC(=O)O)C(=O)N[C@@H](CCC(N)=O)C(=O)N[C@@H](CCC(=O)O)C(=O)N[C@@H](CC(C)C)C(=O)N[C@@H](CC(C)C)C(=O)N[C@@H](CCC(=O)O)C(=O)N[C@@H](CC(C)C)C(=O)N[C@@H](CC(=O)O)C(=O)N[C@@H](CCCCN)C(=O)N[C@@H](Cc1c[nH]c2ccccc12)C(=O)N[C@@H](C)C(=O)N[C@@H](CO)C(=O)N[C@@H](CC(C)C)C(=O)N[C@@H](Cc1c[nH]c2ccccc12)C(=O)N[C@@H](CC(N)=O)C(=O)N[C@@H](Cc1c[nH]c2ccccc12)C(=O)N[C@@H](Cc1ccccc1)C(N)=O,204.0,51.0,0.0,64.0,0.0,319.0,9.0,9.0,0.5588235294117647,-15.378400000000333,1902.889999999998
CC[N+](C)(C(C)C)C(C)C,9.0,1.0,1.0,0.0,0.0,10.0,0.0,0.0,1.0,2.2697000000000003,0.0
CC[N+](C)(C)C,5.0,1.0,1.0,0.0,0.0,6.0,0.0,0.0,1.0,0.7124999999999999,0.0
CC[N+](C)(C)C1CC2CC1C1CCCC21,14.0,1.0,1.0,0.0,0.0,15.0,3.0,0.0,1.0,2.907400000000001,0.0
CC[N+](C)(C)C1CCCCC1,10.0,1.0,1.0,0.0,0.0,11.0,1.0,0.0,1.0,2.4154,0.0
CC[N+](C)(C)CC,6.0,1.0,1.0,0.0,0.0,7.0,0.0,0.0,1.0,1.1025999999999998,0.0
CC[N+](C)(C)CCCCCCCC[N+](C)(C)CC,16.0,2.0,2.0,0.0,0.0,18.0,0.0,0.0,1.0,3.5196000000000023,0.0
CC[N+](C)(C)CCCCCCC[N+](C)(C)CC,15.0,2.0,2.0,0.0,0.0,17.0,0.0,0.0,1.0,3.129500000000002,0.0
CC[N+](C)(C)CCCCCC[N+](C)(C)CC,14.0,2.0,2.0,0.0,0.0,16.0,0.0,0.0,1.0,2.7394000000000007,0.0
CC[N+](C)(C)CCCCC[N+](C)(C)CC,13.0,2.0,2.0,0.0,0.0,15.0,0.0,0.0,1.0,2.3493000000000004,0.0
CC[N+](C)(C)CCCC[N+](C)(C)CC,12.0,2.0,2.0,0.0,0.0,14.0,0.0,0.0,1.0,1.9591999999999996,0.0
CC[N+](C)(C)CCC[N+](C)(C)CC,11.0,2.0,2.0,0.0,0.0,13.0,0.0,0.0,1.0,1.5690999999999997,0.0
CC[N+](C)(C)CCO,6.0,1.0,1.0,1.0,0.0,8.0,0.0,0.0,1.0,0.07500000000000001,20.23
CC[N+](C)(CC)CC,7.0,1.0,1.0,0.0,0.0,8.0,0.0,0.0,1.0,1.4927,0.0
CC[N+](C)(CC)CCCCCC[N+](C)(CC)CC,16.0,2.0,2.0,0.0,0.0,18.0,0.0,0.0,1.0,3.5196000000000023,0.0
CC[N+](C)(CC)CCCCC[N+](C)(CC)CC,15.0,2.0,2.0,0.0,0.0,17.0,0.0,0.0,1.0,3.129500000000002,0.0
CC[N+](C)(CC)CCCC[N+](C)(CC)CC,14.0,2.0,2.0,0.0,0.0,16.0,0.0,0.0,1.0,2.7394000000000007,0.0
CC[N+](C)(CC)CCC[N+](C)(CC)CC,13.0,2.0,2.0,0.0,0.0,15.0,0.0,0.0,1.0,2.3492999999999995,0.0
CC[N+](CC)(CC)C(C)C,9.0,1.0,1.0,0.0,0.0,10.0,0.0,0.0,1.0,2.2713,0.0
CC[N+](CC)(CC)CC,8.0,1.0,1.0,0.0,0.0,9.0,0.0,0.0,1.0,1.8827999999999998,0.0
CC[N+](CC)(CC)CCCCCCCCCC[N+](CC)(CC)CC,22.0,2.0,2.0,0.0,0.0,24.0,0.0,0.0,1.0,5.860200000000007,0.0
CC[N+](CC)(CC)CCCCCCCCC[N+](CC)(CC)CC,21.0,2.0,2.0,0.0,0.0,23.0,0.0,0.0,1.0,5.470100000000006,0.0
CC[N+](CC)(CC)CCCCCCCC[N+](CC)(CC)CC,20.0,2.0,2.0,0.0,0.0,22.0,0.0,0.0,1.0,5.080000000000005,0.0
CC[N+](CC)(CC)CCCCCCC[N+](CC)(CC)CC,19.0,2.0,2.0,0.0,0.0,21.0,0.0,0.0,1.0,4.689900000000004,0.0
CC[N+](CC)(CC)CCCCCC[N+](CC)(CC)CC,18.0,2.0,2.0,0.0,0.0,20.0,0.0,0.0,1.0,4.299800000000004,0.0
CC[N+](CC)(CC)CCCCC[N+](CC)(CC)CC,17.0,2.0,2.0,0.0,0.0,19.0,0.0,0.0,1.0,3.9097000000000035,0.0
CC[N+](CC)(CC)CCCC[N+](CC)(CC)CC,16.0,2.0,2.0,0.0,0.0,18.0,0.0,0.0,1.0,3.5196000000000023,0.0
CC[N+](CC)(CC)CCC[N+](CC)(CC)CC,15.0,2.0,2.0,0.0,0.0,17.0,0.0,0.0,1.0,3.129500000000002,0.0
CC[N+](CC)(CC)C[N+](CC)(CC)CC,13.0,2.0,2.0,0.0,0.0,15.0,0.0,0.0,1.0,2.6969000000000003,0.0
CC[N+](CC)(CC)Cc1cc(C[N+](CC)(CC)CC)cc(C[N+](CC)(CC)CC)c1,27.0,3.0,3.0,0.0,0.0,30.0,1.0,1.0,0.7777777777777778,5.816100000000007,0.0
CC[N+](CC)(CC)Cc1ccccc1,13.0,1.0,1.0,0.0,0.0,14.0,1.0,1.0,0.5384615384615384,3.0631000000000013,0.0
CC[N+]1(C(C)C)CC2C3C=CC(C2C1)C1C[N+](CC)(C(C)C)CC31,22.0,2.0,2.0,0.0,0.0,24.0,5.0,0.0,0.9090909090909091,3.7844000000000033,0.0
CC[N+]1(C)C(C)(C)CCCC1(C)C,12.0,1.0,1.0,0.0,0.0,13.0,1.0,0.0,1.0,3.1940000000000017,0.0
CC[N+]1(C)C(C)CCCC1C,10.0,1.0,1.0,0.0,0.0,11.0,1.0,0.0,1.0,2.4138,0.0
CC[N+]1(C)C2CCCC1CC2,10.0,1.0,1.0,0.0,0.0,11.0,2.0,0.0,1.0,2.1677999999999997,0.0
CC[N+]1(C)C2CCCC1CCC2,11.0,1.0,1.0,0.0,0.0,12.0,2.0,0.0,1.0,2.557900000000001,0.0
CC[N+]1(C)CC(C)CC(C)C1,10.0,1.0,1.0,0.0,0.0,11.0,1.0,0.0,1.0,2.1288,0.0
CC[N+]1(C)CC2CC1CN(C)C2,10.0,2.0,1.0,0.0,0.0,12.0,2.0,0.0,1.0,0.7867999999999999,3.24
CC[N+]1(C)CC2CC3CC(C2)CC1C3,13.0,1.0,1.0,0.0,0.0,14.0,4.0,0.0,1.0,2.6614000000000013,0.0
CC[N+]1(C)CC2CCC(C)(C1)C2(C)C,13.0,1.0,1.0,0.0,0.0,14.0,2.0,0.0,1.0,2.9090000000000016,0.0
CC[N+]1(C)CC2CCC(CC2)C1,11.0,1.0,1.0,0.0,0.0,12.0,3.0,0.0,1.0,2.2729,0.0
CC[N+]1(C)CC2CCCCCCC2C1,13.0,1.0,1.0,0.0,0.0,14.0,2.0,0.0,1.0,3.0531000000000015,0.0
CC[N+]1(C)CCC(C)C2CC1C2(C)C,13.0,1.0,1.0,0.0,0.0,14.0,3.0,0.0,1.0,2.9074000000000018,0.0
CC[N+]1(C)CCC(CCCC2CC[N+](C)(CC)CC2)CC1,19.0,2.0,2.0,0.0,0.0,21.0,2.0,0.0,1.0,3.9097000000000035,0.0
CC[N+]1(C)CCCC(C)(C)C1,10.0,1.0,1.0,0.0,0.0,11.0,1.0,0.0,1.0,2.2729,0.0
CC[N+]1(C)CCCC1,7.0,1.0,1.0,0.0,0.0,8.0,1.0,0.0,1.0,1.2467,0.0
CC[N+]1(C)CCCCC1C,9.0,1.0,1.0,0.0,0.0,10.0,1.0,0.0,1.0,2.0253,0.0
CC[N+]1(C)CCC[C@H]1CO,8.0,1.0,1.0,1.0,0.0,10.0,1.0,0.0,1.0,0.6075999999999999,20.23
CC[N+]1(C)CCNCC1,7.0,2.0,1.0,0.0,0.0,9.0,1.0,0.0,1.0,0.056100000000000094,12.03
CC[N+]1(C)[C@@H](C)CCC[C@H]1C,10.0,1.0,1.0,0.0,0.0,11.0,1.0,0.0,1.0,2.4138,0.0
CC[N+]1(C2CC(C)(C)CC2C)CCCC1,14.0,1.0,1.0,0.0,0.0,15.0,2.0,0.0,1.0,3.441600000000002,0.0
CC[N+]1(C2CC(C)CC(C)(C)C2)CCCC1,15.0,1.0,1.0,0.0,0.0,16.0,2.0,0.0,1.0,3.831700000000003,0.0
CC[N+]1(C2CCCCC2)CCCC1,12.0,1.0,1.0,0.0,0.0,13.0,2.0,0.0,1.0,2.949600000000001,0.0
CC[N+]1(C2CCCCCCC2)CCC(C)C1,15.0,1.0,1.0,0.0,0.0,16.0,2.0,0.0,1.0,3.975800000000003,0.0
CC[N+]1(C2CCCCCCC2)CCCC1,14.0,1.0,1.0,0.0,0.0,15.0,2.0,0.0,1.0,3.7298000000000027,0.0
CC[N+]1(CC)C(C)CCC2CCCCC21,14.0,1.0,1.0,0.0,0.0,15.0,2.0,0.0,1.0,3.584100000000003,0.0
CC[N+]1(CC)C(C)CCCC1C,11.0,1.0,1.0,0.0,0.0,12.0,1.0,0.0,1.0,2.8039000000000014,0.0
CC[N+]1(CC)C(C)CC[C@@H]2CCCCC21,14.0,1.0,1.0,0.0,0.0,15.0,2.0,0.0,1.0,3.584100000000003,0.0
CC[N+]1(CC)C(C)CC[C@H]2CCCCC21,14.0,1.0,1.0,0.0,0.0,15.0,2.0,0.0,1.0,3.584100000000003,0.0
CC[N+]1(CC)CC(C)(C)CC(C)(C)C1,13.0,1.0,1.0,0.0,0.0,14.0,1.0,0.0,1.0,3.299100000000002,0.0
CC[N+]1(CC)CC(C)CC(C)C1,11.0,1.0,1.0,0.0,0.0,12.0,1.0,0.0,1.0,2.5189000000000004,0.0
CC[N+]1(CC)CC(C)OC(C)C1,10.0,1.0,1.0,1.0,0.0,12.0,1.0,0.0,1.0,1.6502000000000001,9.23
CC[N+]1(CC)CC2C3C(C)=CC(C)(C2C1)C1C[N+](CC)(CC)CC31,22.0,2.0,2.0,0.0,0.0,24.0,5.0,0.0,0.9090909090909091,3.787600000000003,0.0
CC[N+]1(CC)CC2C3C=CC(C2C1)C1C[N+](CC)(CC)CC31,20.0,2.0,2.0,0.0,0.0,22.0,5.0,0.0,0.9,3.0074000000000014,0.0
CC[N+]1(CC)CC2C3C=CC(C3)C2C1,13.0,1.0,1.0,0.0,0.0,14.0,3.0,0.0,0.8461538461538461,2.2949,0.0
CC[N+]1(CC)CC2CC3CC(C2)CC1C3,14.0,1.0,1.0,0.0,0.0,15.0,4.0,0.0,1.0,3.0515000000000017,0.0
CC[N+]1(CC)CC2CCC(C2)C1,11.0,1.0,1.0,0.0,0.0,12.0,2.0,0.0,1.0,2.2729,0.0
CC[N+]1(CC)CC2CCC(CC2)C1,12.0,1.0,1.0,0.0,0.0,13.0,3.0,0.0,1.0,2.663000000000001,0.0
CC[N+]1(CC)CC2CCCC1CCC2,13.0,1.0,1.0,0.0,0.0,14.0,2.0,0.0,1.0,3.1956000000000016,0.0
CC[N+]1(CC)CCC(C)C2CC1C2(C)C,14.0,1.0,1.0,0.0,0.0,15.0,3.0,0.0,1.0,3.297500000000002,0.0
CC[N+]1(CC)CCC(C)CC1,10.0,1.0,1.0,0.0,0.0,11.0,1.0,0.0,1.0,2.2729,0.0
CC[N+]1(CC)CCC2CCCCC2CC1,14.0,1.0,1.0,0.0,0.0,15.0,2.0,0.0,1.0,3.443200000000002,0.0
CC[N+]1(CC)CCC2CC[C@H]1C(C)[C@H]2C,14.0,1.0,1.0,0.0,0.0,15.0,3.0,0.0,1.0,3.297500000000002,0.0
CC[N+]1(CC)CCCC(C)(C)C1,11.0,1.0,1.0,0.0,0.0,12.0,1.0,0.0,1.0,2.663000000000001,0.0
CC[N+]1(CC)CCCC(C)C1,10.0,1.0,1.0,0.0,0.0,11.0,1.0,0.0,1.0,2.2729,0.0
CC[N+]1(CC)CCCC2CC1C2(C)C,13.0,1.0,1.0,0.0,0.0,14.0,3.0,0.0,1.0,3.0515000000000017,0.0
CC[N+]1(CC)CCCC2CCCCC21,13.0,1.0,1.0,0.0,0.0,14.0,2.0,0.0,1.0,3.1956000000000016,0.0
CC[N+]1(CC)CCCC2CCCCC2C1,14.0,1.0,1.0,0.0,0.0,15.0,2.0,0.0,1.0,3.443200000000002,0.0
CC[N+]1(CC)CCCCC2CCCCC21,14.0,1.0,1.0,0.0,0.0,15.0,2.0,0.0,1.0,3.5857000000000028,0.0
CC[N+]1(CC)C[C@H](C)CC[C@@H]1C,11.0,1.0,1.0,0.0,0.0,12.0,1.0,0.0,1.0,2.6614000000000013,0.0
CC[N+]1(CC)C[C@H]2C3C=CC([C@@H]4C[N+](CC)(CC)C[C@H]34)[C@H]2C1,20.0,2.0,2.0,0.0,0.0,22.0,5.0,0.0,0.9,3.0074000000000014,0.0
CC[N+]1(CC)[C@@H](C)CCC[C@H]1C,11.0,1.0,1.0,0.0,0.0,12.0,1.0,0.0,1.0,2.8039000000000014,0.0
CC[N+]1(CC2(c3ccc(Cl)cc3)CC2)CCCC1,16.0,1.0,1.0,0.0,0.0,18.0,3.0,1.0,0.625,4.002100000000003,0.0
CC[N+]1(CC2CCCCC2)CCCCC1,14.0,1.0,1.0,0.0,0.0,15.0,2.0,0.0,1.0,3.5873000000000026,0.0
CC[N+]1([C@H]2C[C@@H](C)CC(C)(C)C2)CCCC1,15.0,1.0,1.0,0.0,0.0,16.0,2.0,0.0,1.0,3.831700000000003,0.0
CC[N+]1([C@H]2C[C@H](C)CC(C)(C)C2)CCCC1,15.0,1.0,1.0,0.0,0.0,16.0,2.0,0.0,1.0,3.831700000000003,0.0
CC[N+]12CCC(CC1)CC2,9.0,1.0,1.0,0.0,0.0,10.0,3.0,0.0,1.0,1.6367999999999998,0.0
CC[N+]12CCCCC1C[C@@H]1C[C@H]2CC2CCCCN21,17.0,2.0,1.0,0.0,0.0,19.0,4.0,0.0,1.0,3.1648000000000014,3.24
CC[N+]12CN3CN(CN(C3)C1)C2,8.0,4.0,1.0,0.0,0.0,12.0,4.0,0.0,1.0,-0.4850999999999994,9.72
CC[N@+]1(C)CCCC[C@H]1C,9.0,1.0,1.0,0.0,0.0,10.0,1.0,0.0,1.0,2.0253,0.0
CC[N@+]1(C)C[C@@H]2CC[C@](C)(C1)C2(C)C,13.0,1.0,1.0,0.0,0.0,14.0,2.0,0.0,1.0,2.9090000000000016,0.0
CC[N@@+]1(C)CCCC(C)(C)C1,10.0,1.0,1.0,0.0,0.0,11.0,1.0,0.0,1.0,2.2729,0.0
CC[N@@+]1(C)C[C@@H]2CC[C@](C)(C1)C2(C)C,13.0,1.0,1.0,0.0,0.0,14.0,2.0,0.0,1.0,2.9090000000000016,0.0
CC[NH+]1C=CN(C)C1,6.0,2.0,0.0,0.0,0.0,8.0,1.0,0.0,0.6666666666666666,-0.7346999999999995,7.680000000000001
CC[NH2+]CC,4.0,1.0,0.0,0.0,0.0,5.0,0.0,0.0,1.0,-0.4104000000000001,16.61
CC[P+](CC)(CC)CC,8.0,0.0,1.0,0.0,1.0,9.0,0.0,0.0,1.0,3.0836000000000015,0.0
CC[P+](CC)(CC)Cc1cccc(C[P+](CC)(CC)CC)c1,20.0,0.0,2.0,0.0,2.0,22.0,1.0,1.0,0.7,6.841200000000008,0.0
CC[P+](CC)(c1ccccc1)c1ccccc1,16.0,0.0,1.0,0.0,1.0,17.0,2.0,2.0,0.25,3.6948000000000025,0.0
CC[n+]1ccccc1,7.0,1.0,0.0,0.0,0.0,8.0,1.0,1.0,0.2857142857142857,0.9940000000000001,3.88
CC[n+]1ccn(C)c1,6.0,2.0,0.0,0.0,0.0,8.0,1.0,1.0,0.5,0.3324999999999998,8.809999999999999
CC[n+]1ccn(C)c1.F[P-](F)(F)(F)(F)F,6.0,2.0,0.0,0.0,1.0,15.0,1.0,1.0,0.5,3.714900000000002,8.809999999999999
CC[n+]1ccn(C)c1C,7.0,2.0,0.0,0.0,0.0,9.0,1.0,1.0,0.5714285714285714,0.6409199999999998,8.809999999999999
CCc1n(C)c(C)c[n+]1C,8.0,2.0,0.0,0.0,0.0,10.0,1.0,1.0,0.625,0.7204199999999998,8.809999999999999
CCc1n(C)cc(C)[n+]1C,8.0,2.0,0.0,0.0,0.0,10.0,1.0,1.0,0.625,0.7204199999999998,8.809999999999999
CCc1n(C)cc[n+]1C,7.0,2.0,0.0,0.0,0.0,9.0,1.0,1.0,0.5714285714285714,0.4119999999999999,8.809999999999999
CCc1n(CC)c(C)c[n+]1CC,10.0,2.0,0.0,0.0,0.0,12.0,1.0,1.0,0.7,1.6862199999999998,8.809999999999999
CCc1n(CC)cc[n+]1CC,9.0,2.0,0.0,0.0,0.0,11.0,1.0,1.0,0.6666666666666666,1.3778,8.809999999999999
CCn1cc[n+](C)c1,6.0,2.0,0.0,0.0,0.0,8.0,1.0,1.0,0.5,0.3324999999999998,8.809999999999999
CCn1cc[n+](C)c1C(C)C,9.0,2.0,0.0,0.0,0.0,11.0,1.0,1.0,0.6666666666666666,1.4558999999999997,8.809999999999999
CCn1cc[n+](CC)c1,7.0,2.0,0.0,0.0,0.0,9.0,1.0,1.0,0.5714285714285714,0.8153999999999999,8.809999999999999
CCn1cc[n+](CC)c1-c1ccccc1,13.0,2.0,0.0,0.0,0.0,15.0,2.0,2.0,0.3076923076923077,2.4824,8.809999999999999
CCn1cc[n+](Cc2ccccc2)c1C,13.0,2.0,0.0,0.0,0.0,15.0,2.0,2.0,0.3076923076923077,2.15222,8.809999999999999
CCn1ccc[n+]1CCCCCC[n+]1cccn1CC,16.0,4.0,0.0,0.0,0.0,20.0,2.0,2.0,0.625,2.165,17.619999999999997
CN,1.0,1.0,0.0,0.0,0.0,2.0,0.0,0.0,1.0,-0.4251,26.02
CN(C)C,3.0,1.0,0.0,0.0,0.0,4.0,0.0,0.0,1.0,0.17779999999999996,3.24
CN(C)C(=N)N(C)C,5.0,3.0,0.0,0.0,0.0,8.0,0.0,0.0,0.8,0.0443699999999998,30.330000000000005
CN(C)C1CC(C)(C)NC(C)(C)C1,11.0,2.0,0.0,0.0,0.0,13.0,1.0,0.0,1.0,1.8571999999999995,15.27
CN(C)C1CCCCC1,8.0,1.0,0.0,0.0,0.0,9.0,1.0,0.0,1.0,1.8806999999999998,3.24
CN(C)C=O,3.0,1.0,0.0,1.0,0.0,5.0,0.0,0.0,0.6666666666666666,-0.2956000000000001,20.310000000000002
CN(C)CC(C)(C)CN(C)C,9.0,2.0,0.0,0.0,0.0,11.0,0.0,0.0,1.0,1.1358,6.48
CN(C)CCCCCCN(C)C,10.0,2.0,0.0,0.0,0.0,12.0,0.0,0.0,1.0,1.67,6.48
CN(C)CCCCCC[N+](C)(C)Cc1ccc(C[N+](C)(C)CCCCCCN(C)C)cc1,28.0,4.0,2.0,0.0,0.0,32.0,1.0,1.0,0.7857142857142857,5.083400000000005,6.48
CN(C)CCCCCN(C)C,9.0,2.0,0.0,0.0,0.0,11.0,0.0,0.0,1.0,1.2799,6.48
CN(C)CCCCN(C)C,8.0,2.0,0.0,0.0,0.0,10.0,0.0,0.0,1.0,0.8897999999999999,6.48
CN(C)CCCN(C)C,7.0,2.0,0.0,0.0,0.0,9.0,0.0,0.0,1.0,0.4996999999999998,6.48
CN(C)CCCNCCCN(C)C,10.0,3.0,0.0,0.0,0.0,13.0,0.0,0.0,1.0,0.47940000000000116,18.509999999999998
CN(C)CCC[N+](C)(C)C,8.0,2.0,1.0,0.0,0.0,10.0,0.0,0.0,1.0,0.6442999999999999,3.24
CN(C)CCN(C)C,6.0,2.0,0.0,0.0,0.0,8.0,0.0,0.0,1.0,0.10959999999999992,6.48
CN(C)Cc1ccccc1,9.0,1.0,0.0,0.0,0.0,10.0,1.0,1.0,0.3333333333333333,1.7482,3.24
CN(C)P(=NC(C)(C)C)(N(C)C)N(C)C,10.0,4.0,0.0,0.0,1.0,15.0,0.0,0.0,1.0,2.4159000000000006,22.08
CN(C)[P+](CCCC[P+](N(C)C)(N(C)C)N(C)C)(N(C)C)N(C)C,16.0,6.0,2.0,0.0,2.0,24.0,0.0,0.0,1.0,2.661400000000003,19.440000000000005
CN(C)c1cc[n+](Cc2ccccc2)cc1,14.0,2.0,0.0,0.0,0.0,16.0,2.0,2.0,0.21428571428571427,2.0884,7.12
CN(C)c1ccc2cc3ccc(N(C)C)cc3[o+]c2c1.[Cl-],17.0,2.0,0.0,1.0,0.0,21.0,3.0,3.0,0.23529411764705882,1.0030999999999999,17.78
CN(C)c1cccc2cccc(N(C)C)c12,14.0,2.0,0.0,0.0,0.0,16.0,2.0,2.0,0.2857142857142857,2.9718000000000018,6.48
CN(C)c1ccncc1,7.0,2.0,0.0,0.0,0.0,9.0,1.0,1.0,0.2857142857142857,1.1476,16.130000000000003
CN(C1CCCCC1)C1CCCCC1,13.0,1.0,0.0,0.0,0.0,14.0,2.0,0.0,1.0,3.5836000000000023,3.24
CN(CCO)CCO,5.0,1.0,0.0,2.0,0.0,8.0,0.0,0.0,1.0,-1.0972000000000002,43.7
CN1C(C)(C)CCCC1(C)C,10.0,1.0,0.0,0.0,0.0,11.0,1.0,0.0,1.0,2.659300000000001,3.24
CN1C2CCC1CC(O)C2,8.0,1.0,0.0,1.0,0.0,10.0,2.0,0.0,1.0,0.6038999999999999,23.47
CN1CCCC1,5.0,1.0,0.0,0.0,0.0,6.0,1.0,0.0,1.0,0.712,3.24
CN1CCCC1=O,5.0,1.0,0.0,1.0,0.0,7.0,1.0,0.0,0.8,0.23859999999999992,20.310000000000002
CN1CCCCC1,6.0,1.0,0.0,0.0,0.0,7.0,1.0,0.0,1.0,1.1021,3.24
CN1CCCN(C)CCN(C)CCCN(C)CC1,14.0,4.0,0.0,0.0,0.0,18.0,1.0,0.0,1.0,0.5074000000000021,12.96
CN1CCN(C)CC1,6.0,2.0,0.0,0.0,0.0,8.0,1.0,0.0,1.0,-0.13640000000000008,6.48
CN1CCN(C)CCN(C)CC1,9.0,3.0,0.0,0.0,0.0,12.0,1.0,0.0,1.0,-0.204599999999999,9.72
CN1CCN(C)CCN(C)CCN(C)CCN(C)CCN(C)CC1,18.0,6.0,0.0,0.0,0.0,24.0,1.0,0.0,1.0,-0.40919999999999335,19.440000000000005
CN1CCNCC1,5.0,2.0,0.0,0.0,0.0,7.0,1.0,0.0,1.0,-0.4785999999999999,15.27
CN1CCOCC1,5.0,1.0,0.0,1.0,0.0,7.0,1.0,0.0,1.0,-0.05160000000000009,12.47
CN=C(NC)N(C)C,5.0,3.0,0.0,0.0,0.0,8.0,0.0,0.0,0.8,-0.24680000000000013,27.630000000000003
CNC,2.0,1.0,0.0,0.0,0.0,3.0,0.0,0.0,1.0,-0.1644000000000001,12.03
CNC(=O)NC,3.0,2.0,0.0,1.0,0.0,6.0,0.0,0.0,0.6666666666666666,-0.4548000000000001,41.13
CNC(C)(C)C,5.0,1.0,0.0,0.0,0.0,6.0,0.0,0.0,1.0,1.0043,12.03
CNC=O,2.0,1.0,0.0,1.0,0.0,4.0,0.0,0.0,0.5,-0.6378000000000001,29.1
CNCCCN,4.0,2.0,0.0,0.0,0.0,6.0,0.0,0.0,1.0,-0.4454000000000002,38.05
CN[C@@H](C)[C@@H](O)c1ccccc1,10.0,1.0,0.0,1.0,0.0,12.0,1.0,1.0,0.4,1.3278999999999999,32.26
CN[C@@H](C)[C@H](O)c1ccccc1,10.0,1.0,0.0,1.0,0.0,12.0,1.0,1.0,0.4,1.3278999999999999,32.26
CO[C@H]1/C=C/O[C@@]2(C)Oc3c(C)c(O)c4c(c3C2=O)C(=O)/C(=C/Nc2ccc(C(=O)O)c(O)c2)C(=C4O)NC(=O)/C(C)=C\C=C\[C@H](C)[C@H](O)[C@@H](C)[C@@H](O)[C@@H](C)[C@H](OC(C)=O)[C@@H]1C,45.0,2.0,0.0,15.0,0.0,62.0,6.0,2.0,0.4,5.190120000000005,267.7099999999999
CO[Si](CCCN(C)c1ccccc1)(OC)OC,13.0,1.0,0.0,3.0,0.0,18.0,1.0,1.0,0.5384615384615384,2.391,30.930000000000003
CP(=O)([O-])[O-],1.0,0.0,0.0,3.0,1.0,5.0,0.0,0.0,1.0,-1.4701000000000002,63.19
C[C@@H](N)c1ccccc1,8.0,1.0,0.0,0.0,0.0,9.0,1.0,1.0,0.25,1.7063000000000001,26.02
C[C@@H]([C@@H](O)c1ccccc1)N(C)Cc1ccccc1,17.0,1.0,0.0,1.0,0.0,19.0,2.0,2.0,0.29411764705882354,3.2405000000000017,23.47
C[C@@H]([C@H](O)c1ccccc1)N(C)Cc1ccccc1,17.0,1.0,0.0,1.0,0.0,19.0,2.0,2.0,0.29411764705882354,3.2405000000000017,23.47
C[C@@H]([C@H](O)c1ccccc1)[N+](C)(C)C,12.0,1.0,1.0,1.0,0.0,14.0,1.0,1.0,0.5,1.8147,20.23
C[C@@H]1C[NH2+]C[C@H](C)C1,7.0,1.0,0.0,0.0,0.0,8.0,1.0,0.0,1.0,0.2256999999999998,16.61
C[C@H](N)c1ccccc1,8.0,1.0,0.0,0.0,0.0,9.0,1.0,1.0,0.25,1.7063000000000001,26.02
C[C@H]1CC(C)(C)NCCN[C@@H](C)CC(C)(C)NCCN1,16.0,4.0,0.0,0.0,0.0,20.0,1.0,0.0,1.0,1.4728000000000017,48.12
C[C@H]1CCC[C@@H](C)N1,7.0,1.0,0.0,0.0,0.0,8.0,1.0,0.0,1.0,1.5369,12.03
C[C@H]1CCC[C@@H](C)[N+]1(C)C,9.0,1.0,1.0,0.0,0.0,10.0,1.0,0.0,1.0,2.0237,0.0
C[C@H]1CCC[C@@H](C)[N+]12CCCC2,11.0,1.0,1.0,0.0,0.0,12.0,2.0,0.0,1.0,2.557900000000001,0.0
C[C@H]1CCC[C@@H](C)[N+]12Cc1ccccc1C2,15.0,1.0,1.0,0.0,0.0,16.0,3.0,1.0,0.6,3.4779000000000027,0.0
C[C@H]1CCC[C@@H](C)[NH2+]1,7.0,1.0,0.0,0.0,0.0,8.0,1.0,0.0,1.0,0.5107,16.61
C[C@H]1CC[C@@H](C)C[NH2+]1,7.0,1.0,0.0,0.0,0.0,8.0,1.0,0.0,1.0,0.36819999999999997,16.61
C[C@H]1C[C@@H](C)C[N+](C)(C)C1,9.0,1.0,1.0,0.0,0.0,10.0,1.0,0.0,1.0,1.7387000000000001,0.0
C[C@H]1C[C@H](C)C[N+](C)(C)C1,9.0,1.0,1.0,0.0,0.0,10.0,1.0,0.0,1.0,1.7387000000000001,0.0
C[C@]12CCCC[C@@H]1[C@H]1CCCC3CCC[C@@H](C2)[C@H]31,18.0,0.0,0.0,0.0,0.0,18.0,4.0,0.0,1.0,5.419200000000005,0.0
C[N+](C)(C)C,4.0,1.0,1.0,0.0,0.0,5.0,0.0,0.0,1.0,0.3224,0.0
C[N+](C)(C)C(c1ccccc1)C1CCCCC1,16.0,1.0,1.0,0.0,0.0,17.0,2.0,1.0,0.625,4.014200000000003,0.0
C[N+](C)(C)C12CC3CC(CC(C3)C1)C2,13.0,1.0,1.0,0.0,0.0,14.0,4.0,0.0,1.0,2.6614000000000013,0.0
C[N+](C)(C)C12CCC(CC1)C2,10.0,1.0,1.0,0.0,0.0,11.0,2.0,0.0,1.0,2.0253,0.0
C[N+](C)(C)C12CCCC1CCC2,11.0,1.0,1.0,0.0,0.0,12.0,2.0,0.0,1.0,2.415400000000001,0.0
C[N+](C)(C)C1C2CC3CC(C2)CC1C3,13.0,1.0,1.0,0.0,0.0,14.0,4.0,0.0,1.0,2.5173000000000005,0.0
C[N+](C)(C)C1CC23CCCCC2(C1)CC([N+](C)(C)C)C3,18.0,2.0,2.0,0.0,0.0,20.0,3.0,0.0,1.0,3.270400000000002,0.0
C[N+](C)(C)C1CC2CC1C1CCCC21,13.0,1.0,1.0,0.0,0.0,14.0,3.0,0.0,1.0,2.5173000000000005,0.0
C[N+](C)(C)C1CCCC1,8.0,1.0,1.0,0.0,0.0,9.0,1.0,0.0,1.0,1.6352,0.0
C[N+](C)(C)C1CCCCC1,9.0,1.0,1.0,0.0,0.0,10.0,1.0,0.0,1.0,2.0253,0.0
C[N+](C)(C)C1[C@H]2CC[C@@H]1[C@@H]1CCC[C@H]21,13.0,1.0,1.0,0.0,0.0,14.0,3.0,0.0,1.0,2.5173000000000005,0.0
C[N+](C)(C)CC1(c2ccc(F)cc2)CCCC1,15.0,1.0,1.0,0.0,0.0,17.0,2.0,1.0,0.6,3.343700000000002,0.0
C[N+](C)(C)CC1(c2cccc(F)c2)CCCC1,15.0,1.0,1.0,0.0,0.0,17.0,2.0,1.0,0.6,3.343700000000002,0.0
C[N+](C)(C)CC1(c2ccccc2)CCCC1,15.0,1.0,1.0,0.0,0.0,16.0,2.0,1.0,0.6,3.204600000000002,0.0
C[N+](C)(C)CC1CC2CC1C1CCC(C[N+](C)(C)C)C21,18.0,2.0,2.0,0.0,0.0,20.0,3.0,0.0,1.0,2.6972000000000005,0.0
C[N+](C)(C)CC1CC2CC1C1CCCC21,14.0,1.0,1.0,0.0,0.0,15.0,3.0,0.0,1.0,2.764900000000001,0.0
C[N+](C)(C)CCC(CC[N+](C)(C)C)CC[N+](C)(C)C,16.0,3.0,3.0,0.0,0.0,19.0,0.0,0.0,1.0,1.8915000000000015,0.0
C[N+](C)(C)CCCCCCCCCCCCCCCC[N+](C)(C)C,22.0,2.0,2.0,0.0,0.0,24.0,0.0,0.0,1.0,5.860200000000007,0.0
C[N+](C)(C)CCCCCCCCCCCCCC[N+](C)(C)C,20.0,2.0,2.0,0.0,0.0,22.0,0.0,0.0,1.0,5.080000000000005,0.0
C[N+](C)(C)CCCCCCCCCCCC[N+](C)(C)C,18.0,2.0,2.0,0.0,0.0,20.0,0.0,0.0,1.0,4.299800000000004,0.0
C[N+](C)(C)CCCCCCCCCCC[N+](C)(C)C,17.0,2.0,2.0,0.0,0.0,19.0,0.0,0.0,1.0,3.9097000000000035,0.0
C[N+](C)(C)CCCCCCCCCC[N+](C)(C)C,16.0,2.0,2.0,0.0,0.0,18.0,0.0,0.0,1.0,3.5196000000000023,0.0
C[N+](C)(C)CCCCCCCCC[N+](C)(C)C,15.0,2.0,2.0,0.0,0.0,17.0,0.0,0.0,1.0,3.129500000000002,0.0
C[N+](C)(C)CCCCCCCC[N+](C)(C)C,14.0,2.0,2.0,0.0,0.0,16.0,0.0,0.0,1.0,2.7394000000000007,0.0
C[N+](C)(C)CCCCCCC[N+](C)(C)C,13.0,2.0,2.0,0.0,0.0,15.0,0.0,0.0,1.0,2.3493000000000004,0.0
C[N+](C)(C)CCCCCC[N+](C)(C)C,12.0,2.0,2.0,0.0,0.0,14.0,0.0,0.0,1.0,1.9591999999999998,0.0
C[N+](C)(C)CCCCCC[N+](C)(C)C.[OH-].[OH-],12.0,2.0,2.0,2.0,0.0,16.0,0.0,0.0,1.0,1.6056000000000004,60.0
C[N+](C)(C)CCCCCC[N+](C)(C)Cc1ccc(C[N+](C)(C)CCCCCC[N+](C)(C)Cc2ccc(C[N+](C)(C)CCCCCC[N+](C)(C)C)cc2)cc1,48.0,6.0,6.0,0.0,0.0,54.0,2.0,2.0,0.75,8.786000000000007,0.0
C[N+](C)(C)CCCCC[N+](C)(C)C,11.0,2.0,2.0,0.0,0.0,13.0,0.0,0.0,1.0,1.5690999999999997,0.0
C[N+](C)(C)CCCC[N+](C)(C)C,10.0,2.0,2.0,0.0,0.0,12.0,0.0,0.0,1.0,1.1789999999999998,0.0
C[N+](C)(C)CCCN,6.0,2.0,1.0,0.0,0.0,8.0,0.0,0.0,1.0,0.04139999999999999,26.02
C[N+](C)(C)CCC[N+](C)(C)C,9.0,2.0,2.0,0.0,0.0,11.0,0.0,0.0,1.0,0.7889000000000002,0.0
C[N+](C)(C)CCC[N+](C)(C)CCC[N+](C)(C)C,14.0,3.0,3.0,0.0,0.0,17.0,0.0,0.0,1.0,1.2554000000000018,0.0
C[N+](C)(C)CCN(CC[N+](C)(C)C)CC[N+](C)(C)C,15.0,4.0,3.0,0.0,0.0,19.0,0.0,0.0,1.0,0.40700000000000447,3.24
C[N+](C)(C)CCO,5.0,1.0,1.0,1.0,0.0,7.0,0.0,0.0,1.0,-0.3150999999999999,20.23
C[N+](C)(C)Cc1ccc(C[N+](C)(C)C)cc1,14.0,2.0,2.0,0.0,0.0,16.0,1.0,1.0,0.5714285714285714,2.0989999999999998,0.0
C[N+](C)(C)Cc1ccccc1,10.0,1.0,1.0,0.0,0.0,11.0,1.0,1.0,0.4,1.8928,0.0
C[N+](C)(C)[C@@H]1C[C@H]2C[C@@H]1C1CCCC12,13.0,1.0,1.0,0.0,0.0,14.0,3.0,0.0,1.0,2.5173000000000005,0.0
C[N+](C)(C)[C@@H]1C[C@H]2C[C@@H]1[C@H]1CCC[C@H]12,13.0,1.0,1.0,0.0,0.0,14.0,3.0,0.0,1.0,2.5173000000000005,0.0
C[N+](C)(C1CCCCC1)C1CCCCC1,14.0,1.0,1.0,0.0,0.0,15.0,2.0,0.0,1.0,3.728200000000003,0.0
C[N+](C)(CC1CCCCC1)CC1CCCCC1,16.0,1.0,1.0,0.0,0.0,17.0,2.0,0.0,1.0,4.223400000000003,0.0
C[N+](C)(CCCCCC[N+](C)(C)Cc1ccccc1)Cc1ccccc1,24.0,2.0,2.0,0.0,0.0,26.0,2.0,2.0,0.5,5.100000000000005,0.0
C[N+](C)(CCO)CCO,6.0,1.0,1.0,2.0,0.0,9.0,0.0,0.0,1.0,-0.9525999999999997,40.46
C[N+](C)(CC[N+](C)(C)Cc1ccccc1)Cc1ccccc1,20.0,2.0,2.0,0.0,0.0,22.0,2.0,2.0,0.4,3.539600000000002,0.0
C[N+](C)(Cc1ccc(F)cc1)Cc1ccc(F)cc1,16.0,1.0,1.0,0.0,0.0,19.0,2.0,2.0,0.25,3.741400000000003,0.0
C[N+](C)(Cc1cccc(F)c1)Cc1cccc(F)c1,16.0,1.0,1.0,0.0,0.0,19.0,2.0,2.0,0.25,3.741400000000003,0.0
C[N+](C)(Cc1ccccc1)Cc1ccccc1,16.0,1.0,1.0,0.0,0.0,17.0,2.0,2.0,0.25,3.4632000000000023,0.0
C[N+](C)(Cc1ccccc1)Cc1ccccc1F,16.0,1.0,1.0,0.0,0.0,18.0,2.0,2.0,0.25,3.602300000000003,0.0
C[N+](C)(Cc1ccccc1F)Cc1ccccc1F,16.0,1.0,1.0,0.0,0.0,19.0,2.0,2.0,0.25,3.741400000000003,0.0
C[N+](C)(c1ccccc1)c1ccccc1,14.0,1.0,1.0,0.0,0.0,15.0,2.0,2.0,0.14285714285714285,3.585200000000002,0.0
C[N+](CCO)(CCO)CCO,7.0,1.0,1.0,3.0,0.0,11.0,0.0,0.0,1.0,-1.5900999999999996,60.69
C[N+]1(C)C2CCC1CC(O)C2,9.0,1.0,1.0,1.0,0.0,11.0,2.0,0.0,1.0,0.7484999999999997,20.23
C[N+]1(C)C=Nc2ccccc21,9.0,2.0,1.0,0.0,0.0,11.0,2.0,1.0,0.2222222222222222,1.9268999999999996,12.36
C[N+]1(C)CC23CCCCC2(C1)C1C=CC3C1,15.0,1.0,1.0,0.0,0.0,16.0,4.0,0.0,0.8666666666666667,2.8291000000000013,0.0
C[N+]1(C)CC2C(C1)C1C[N+](C)(C)CC21,12.0,2.0,2.0,0.0,0.0,14.0,3.0,0.0,1.0,0.6448000000000005,0.0
C[N+]1(C)CC2C3C=CC(C2C1)C1C2C[N+](C)(C)CC2C31,18.0,2.0,2.0,0.0,0.0,20.0,6.0,0.0,0.8888888888888888,1.693,0.0
C[N+]1(C)CC2C3C=CC(C2C1)[N+](C)(C)C3,13.0,2.0,2.0,0.0,0.0,15.0,4.0,0.0,0.8461538461538461,0.9533999999999998,0.0
C[N+]1(C)CC2C3C=CC(C3)C2C1,11.0,1.0,1.0,0.0,0.0,12.0,3.0,0.0,0.8181818181818182,1.5147,0.0
C[N+]1(C)CC2C3C=CC(C4CC34)C2C1,13.0,1.0,1.0,0.0,0.0,14.0,5.0,0.0,0.8461538461538461,1.7607,0.0
C[N+]1(C)CC2C3C=CC(CC3)C2C1,12.0,1.0,1.0,0.0,0.0,13.0,4.0,0.0,0.8333333333333334,1.9048,0.0
C[N+]1(C)CC2CC(C1)[N+](C)(C)C2,10.0,2.0,2.0,0.0,0.0,12.0,2.0,0.0,1.0,0.5412999999999994,0.0
C[N+]1(C)CC2CC3CC(C2)CC1C3,12.0,1.0,1.0,0.0,0.0,13.0,4.0,0.0,1.0,2.2713,0.0
C[N+]1(C)CC2CCC(CC2)C1,10.0,1.0,1.0,0.0,0.0,11.0,3.0,0.0,1.0,1.8827999999999998,0.0
C[N+]1(C)CC2CCC1C1CCC2C1,12.0,1.0,1.0,0.0,0.0,13.0,4.0,0.0,1.0,2.2713,0.0
C[N+]1(C)CC2CCC1C1CCC2O1,11.0,1.0,1.0,1.0,0.0,13.0,4.0,0.0,1.0,1.4025999999999998,9.23
C[N+]1(C)CC2CCCC1C1CCC2C1,13.0,1.0,1.0,0.0,0.0,14.0,3.0,0.0,1.0,2.6614000000000004,0.0
C[N+]1(C)CC2CCCC1CCC2,11.0,1.0,1.0,0.0,0.0,12.0,2.0,0.0,1.0,2.4154,0.0
C[N+]1(C)CC2CCCCCCC2C1,12.0,1.0,1.0,0.0,0.0,13.0,2.0,0.0,1.0,2.663000000000001,0.0
C[N+]1(C)CCC(C2CC[N+](C)(C)C2)C1,12.0,2.0,2.0,0.0,0.0,14.0,2.0,0.0,1.0,1.1789999999999998,0.0
C[N+]1(C)CCC(CCCC2CC[N+](C)(C)CC2)CC1,17.0,2.0,2.0,0.0,0.0,19.0,2.0,0.0,1.0,3.129500000000002,0.0
C[N+]1(C)CCC([N+]2(C)CCCC2)CC1,12.0,2.0,2.0,0.0,0.0,14.0,2.0,0.0,1.0,1.4655999999999993,0.0
C[N+]1(C)CCC2(CC1)OCC(c1ccccc1)O2,15.0,1.0,1.0,2.0,0.0,18.0,3.0,1.0,0.6,2.341,18.46
C[N+]1(C)CCC2(CC1)OCCCO2,10.0,1.0,1.0,2.0,0.0,13.0,2.0,0.0,1.0,0.9897999999999998,18.46
C[N+]1(C)CCC2(CC1)OCCO2,9.0,1.0,1.0,2.0,0.0,12.0,2.0,0.0,1.0,0.5996999999999999,18.46
C[N+]1(C)CCC2CCCC2C1,10.0,1.0,1.0,0.0,0.0,11.0,2.0,0.0,1.0,1.8827999999999998,0.0
C[N+]1(C)CCC2CCCCC2CC1,12.0,1.0,1.0,0.0,0.0,13.0,2.0,0.0,1.0,2.663000000000001,0.0
C[N+]1(C)CCCC2CCC1C2,10.0,1.0,1.0,0.0,0.0,11.0,2.0,0.0,1.0,2.0253,0.0
C[N+]1(C)CCCC2CCCC21,10.0,1.0,1.0,0.0,0.0,11.0,2.0,0.0,1.0,2.0252999999999997,0.0
C[N+]1(C)CCCC2CCCCC21,11.0,1.0,1.0,0.0,0.0,12.0,2.0,0.0,1.0,2.415400000000001,0.0
C[N+]1(C)CCCC2CCCCC2C1,12.0,1.0,1.0,0.0,0.0,13.0,2.0,0.0,1.0,2.663000000000001,0.0
C[N+]1(C)CCCCC1,7.0,1.0,1.0,0.0,0.0,8.0,1.0,0.0,1.0,1.2467,0.0
C[N+]1(C)CCCCC2CCCCC21,12.0,1.0,1.0,0.0,0.0,13.0,2.0,0.0,1.0,2.805500000000001,0.0
C[N+]1(C)CCCCCC2CCCCC21,13.0,1.0,1.0,0.0,0.0,14.0,2.0,0.0,1.0,3.1956000000000016,0.0
C[N+]1(C)CCCCCC[N+](C)(C)Cc2ccc(cc2)C1,18.0,2.0,2.0,0.0,0.0,20.0,3.0,1.0,0.6666666666666666,3.413400000000002,0.0
C[N+]1(C)CCC[C@H]1CO,7.0,1.0,1.0,1.0,0.0,9.0,1.0,0.0,1.0,0.21750000000000008,20.23
C[N+]1(C)CCN(C2CCCCC2)CC1,12.0,2.0,1.0,0.0,0.0,14.0,2.0,0.0,1.0,1.7110999999999996,3.24
C[N+]1(C)C[C@H]2[C@H]3C=C[C@H](CC3)[C@H]2C1,12.0,1.0,1.0,0.0,0.0,13.0,4.0,0.0,0.8333333333333334,1.9048,0.0
C[N+]1(C)Cc2c3c(c4c(c2C1)C[N+](C)(C)C4)C[N+](C)(C)C3,18.0,3.0,3.0,0.0,0.0,21.0,4.0,1.0,0.6666666666666666,1.9566,0.0
C[N+]1(C)Cc2cccc3cccc(c23)C1,14.0,1.0,1.0,0.0,0.0,15.0,3.0,2.0,0.2857142857142857,2.929800000000001,0.0
C[N+]1(C2CCCCC2)CCCC1,11.0,1.0,1.0,0.0,0.0,12.0,2.0,0.0,1.0,2.5595000000000008,0.0
C[N+]1(C2CCCCCCC2)CCCC1,13.0,1.0,1.0,0.0,0.0,14.0,2.0,0.0,1.0,3.3397000000000023,0.0
C[N+]1(C2CCCCCCCCC2)CCCC1,15.0,1.0,1.0,0.0,0.0,16.0,2.0,0.0,1.0,4.119900000000004,0.0
C[N+]1(CC2(c3ccccc3)CCCC2)CCCCC1,18.0,1.0,1.0,0.0,0.0,19.0,3.0,1.0,0.6666666666666666,4.128900000000003,0.0
C[N+]1(CC2(c3ccccc3)CCCC2)CCCCCCC1,20.0,1.0,1.0,0.0,0.0,21.0,3.0,1.0,0.7,4.909100000000005,0.0
C[N+]1(CC2CCCCC2)CCC(CCCC2CC[N+](C)(CC3CCCCC3)CC2)CC1,29.0,2.0,2.0,0.0,0.0,31.0,4.0,0.0,1.0,7.030500000000009,0.0
C[N+]1(CCCCCCCC[N+]2(C)CCCC2)CCCC1,18.0,2.0,2.0,0.0,0.0,20.0,2.0,0.0,1.0,3.807800000000003,0.0
C[N+]1(CCCCCCC[N+]2(C)CCCC2)CCCC1,17.0,2.0,2.0,0.0,0.0,19.0,2.0,0.0,1.0,3.4177000000000026,0.0
C[N+]1(CCCCCC[N+]2(C)C3CCCC2CC3)C2CCCC1CC2,22.0,2.0,2.0,0.0,0.0,24.0,4.0,0.0,1.0,4.869800000000005,0.0
C[N+]1(CCCCCC[N+]2(C)CCCC2)CCCC1,16.0,2.0,2.0,0.0,0.0,18.0,2.0,0.0,1.0,3.0276000000000014,0.0
C[N+]1(CCCCCC[N+]2(C)CCCC2)CCCCC1,17.0,2.0,2.0,0.0,0.0,19.0,2.0,0.0,1.0,3.4177000000000017,0.0
C[N+]1(CCCCCC[N+]2(C)CCCCC2)CCCCC1,18.0,2.0,2.0,0.0,0.0,20.0,2.0,0.0,1.0,3.807800000000003,0.0
C[N+]1(CCCCCC[N+]2(C)CCCCCC2)CCCCCC1,20.0,2.0,2.0,0.0,0.0,22.0,2.0,0.0,1.0,4.5880000000000045,0.0
C[N+]1(CCCCC[N+]2(C)C3CCCC2CC3)C2CCCC1CC2,21.0,2.0,2.0,0.0,0.0,23.0,4.0,0.0,1.0,4.479700000000004,0.0
C[N+]1(CCCCC[N+]2(C)CCCC2)CCCC1,15.0,2.0,2.0,0.0,0.0,17.0,2.0,0.0,1.0,2.637500000000001,0.0
C[N+]1(CCCCC[N+]2(C)CCCC2)CCCCC1,16.0,2.0,2.0,0.0,0.0,18.0,2.0,0.0,1.0,3.0276000000000023,0.0
C[N+]1(CCCCC[N+]2(C)CCCCC2)CCCCC1,17.0,2.0,2.0,0.0,0.0,19.0,2.0,0.0,1.0,3.4177000000000026,0.0
C[N+]1(CCCCC[N+]2(C)CCCCCC2)CCCCCC1,19.0,2.0,2.0,0.0,0.0,21.0,2.0,0.0,1.0,4.197900000000004,0.0
C[N+]1(CCCCC[N+]2(C)CCNCC2)CCNCC1,15.0,4.0,2.0,0.0,0.0,19.0,2.0,0.0,1.0,0.25630000000000336,24.06
C[N+]1(CCCC[N+]2(C)C3CCCC2CC3)C2CCCC1CC2,20.0,2.0,2.0,0.0,0.0,22.0,4.0,0.0,1.0,4.0896000000000035,0.0
C[N+]1(CCCC[N+]2(C)CCCC2)CCCC1,14.0,2.0,2.0,0.0,0.0,16.0,2.0,0.0,1.0,2.2474,0.0
C[N+]1(CCCC[N+]2(C)CCCCC2)CCCCC1,16.0,2.0,2.0,0.0,0.0,18.0,2.0,0.0,1.0,3.0276000000000014,0.0
C[N+]1(CCCC[N+]2(C)CCCCCC2)CCCCCC1,18.0,2.0,2.0,0.0,0.0,20.0,2.0,0.0,1.0,3.807800000000003,0.0
C[N+]1(CCCC[N+]2(C)CCNCC2)CCNCC1,14.0,4.0,2.0,0.0,0.0,18.0,2.0,0.0,1.0,-0.13379999999999637,24.06
C[N+]1(CCC[N+]2(C)CCCC2)CCCC1,13.0,2.0,2.0,0.0,0.0,15.0,2.0,0.0,1.0,1.8572999999999995,0.0
C[N+]1(CCC[N+]2(C)CCCCC2)CCCCC1,15.0,2.0,2.0,0.0,0.0,17.0,2.0,0.0,1.0,2.6375,0.0
C[N+]1(CC[N+]2(C)CCCCC2)CCCCC1,14.0,2.0,2.0,0.0,0.0,16.0,2.0,0.0,1.0,2.2474,0.0
C[N+]1(Cc2ccc(F)cc2)CCCC1,12.0,1.0,1.0,0.0,0.0,14.0,2.0,1.0,0.5,2.5661000000000005,0.0
C[N+]1(Cc2cccc(F)c2)CCCC1,12.0,1.0,1.0,0.0,0.0,14.0,2.0,1.0,0.5,2.5661000000000005,0.0
C[N+]1(Cc2ccccc2)CCC(C2CC[N+](C)(Cc3ccccc3)CC2)CC1,26.0,2.0,2.0,0.0,0.0,28.0,4.0,2.0,0.5384615384615384,5.100000000000005,0.0
C[N+]1(Cc2ccccc2)CCC(CCC2CC[N+](C)(Cc3ccccc3)CC2)CC1,28.0,2.0,2.0,0.0,0.0,30.0,4.0,2.0,0.5714285714285714,5.8802000000000065,0.0
C[N+]1(Cc2ccccc2)CCC(CCCC2CC[N+](C)(Cc3ccccc3)CC2)CC1,29.0,2.0,2.0,0.0,0.0,31.0,4.0,2.0,0.5862068965517241,6.270300000000008,0.0
C[N+]1(Cc2ccccc2)CCC(CCCCCC2CC[N+](C)(Cc3ccccc3)CC2)CC1,31.0,2.0,2.0,0.0,0.0,33.0,4.0,2.0,0.6129032258064516,7.050500000000008,0.0
C[N+]1(Cc2ccccc2)CCC2(CC[N+](C)(Cc3ccccc3)C2)C1,23.0,2.0,2.0,0.0,0.0,25.0,4.0,2.0,0.4782608695652174,4.073800000000003,0.0
C[N+]1(Cc2ccccc2)CCCC1,12.0,1.0,1.0,0.0,0.0,13.0,2.0,1.0,0.5,2.4270000000000005,0.0
C[N+]1(Cc2ccccc2)CCCC1CO,13.0,1.0,1.0,1.0,0.0,15.0,2.0,1.0,0.5384615384615384,1.7879,20.23
C[N+]1(Cc2ccccc2)CCCCC1CCCC1CCCC[N+]1(C)Cc1ccccc1,29.0,2.0,2.0,0.0,0.0,31.0,4.0,2.0,0.5862068965517241,6.555300000000008,0.0
C[N+]1(Cc2ccccc2)CCCCCC1,14.0,1.0,1.0,0.0,0.0,15.0,2.0,1.0,0.5714285714285714,3.207200000000002,0.0
C[N+]1(Cc2ccccc2F)CCCC1,12.0,1.0,1.0,0.0,0.0,14.0,2.0,1.0,0.5,2.5661000000000005,0.0
C[N+]12CCC(CC1)CC2,8.0,1.0,1.0,0.0,0.0,9.0,3.0,0.0,1.0,1.2467,0.0
C[N+]12CCC(CCCC3CCC[N+](C)(Cc4ccc(cc4)C1)C3)CC2,23.0,2.0,2.0,0.0,0.0,25.0,6.0,1.0,0.7391304347826086,4.583700000000005,0.0
C[N+]12CCCCC1C[C@@H]1C[C@H]2CC2CCCCN21,16.0,2.0,1.0,0.0,0.0,18.0,4.0,0.0,1.0,2.774700000000001,3.24
C[N+]12CCCCC1C[C@@H]1C[C@H]2CC2CCCC[N+]21C,17.0,2.0,2.0,0.0,0.0,19.0,4.0,0.0,1.0,2.9193000000000016,0.0
C[N+]12CCCCC1C[C@H]1C[C@@H]2CC2CCCC[N+]21C,17.0,2.0,2.0,0.0,0.0,19.0,4.0,0.0,1.0,2.9193000000000016,0.0
C[N+]12CCCC[C@@H]1[C@H]1C[C@@H](C2)[C@@H]2CCCCN2C1,16.0,2.0,1.0,0.0,0.0,18.0,4.0,0.0,1.0,2.489700000000001,3.24
C[N+]12CCCc3cccc(c31)CCC2,13.0,1.0,1.0,0.0,0.0,14.0,3.0,1.0,0.5384615384615384,2.5161000000000007,0.0
C[N+]12CCN(CC1)CC2,7.0,2.0,1.0,0.0,0.0,9.0,3.0,0.0,1.0,-0.23780000000000023,3.24
C[N+]12CC[N+](C)(CC1)CC2,8.0,2.0,2.0,0.0,0.0,10.0,3.0,0.0,1.0,-0.0931999999999995,0.0
C[N+]1C(C)(C)CCCC1(C)C,10.0,1.0,0.0,0.0,0.0,11.0,1.0,0.0,1.0,2.4974000000000007,5.900000000000002
C[N@@+]1(Cc2ccccc2)CCCC1CO,13.0,1.0,1.0,1.0,0.0,15.0,2.0,1.0,0.5384615384615384,1.7879,20.23
C[N@@+]1(Cc2ccccc2)CCC[C@H]1CO,13.0,1.0,1.0,1.0,0.0,15.0,2.0,1.0,0.5384615384615384,1.7879,20.23
C[N@@+]12CCCC[C@@H]1[C@H]1CCC[N@@+]3(C)CCC[C@H](C2)[C@@H]13,17.0,2.0,2.0,0.0,0.0,19.0,4.0,0.0,1.0,2.6343000000000014,0.0
C[N@@+]12CCCC[C@H]1[C@@H]1CC[C@@H](C1)C2,12.0,1.0,1.0,0.0,0.0,13.0,3.0,0.0,1.0,2.4154,0.0
C[NH+](C)C,3.0,1.0,0.0,0.0,0.0,4.0,0.0,0.0,1.0,-1.2392999999999996,4.44
C[NH+]1C=CN=C1,4.0,2.0,0.0,0.0,0.0,6.0,1.0,0.0,0.25,-0.9857999999999998,16.8
C[NH3+],1.0,1.0,0.0,0.0,0.0,2.0,0.0,0.0,1.0,-1.1419000000000001,27.64
C[P+](C)(C)C,4.0,0.0,1.0,0.0,1.0,5.0,0.0,0.0,1.0,1.5231999999999999,0.0
C[P+](C)(C)CCC[P+](C)(C)C,9.0,0.0,2.0,0.0,2.0,11.0,0.0,0.0,1.0,3.190500000000002,0.0
C[P+](C)(c1ccccc1)c1ccccc1,14.0,0.0,1.0,0.0,1.0,15.0,2.0,2.0,0.14285714285714285,2.914600000000001,0.0
C[Si]1(C)OCCOCCOCCOCCOCCO1,12.0,0.0,0.0,6.0,0.0,19.0,1.0,0.0,1.0,0.8014000000000003,55.38000000000001
C[n+]1ccn(CCCCCCCCCCn2cc[n+](C)c2)c1,18.0,4.0,0.0,0.0,0.0,22.0,2.0,2.0,0.6666666666666666,2.7596000000000007,17.619999999999997
C[n+]1ccn(CCCCCCCCn2cc[n+](C)c2)c1,16.0,4.0,0.0,0.0,0.0,20.0,2.0,2.0,0.625,1.9793999999999994,17.619999999999997
C[n+]1ccn(CCCCn2cc[n+](C)c2)c1,12.0,4.0,0.0,0.0,0.0,16.0,2.0,2.0,0.5,0.4189999999999996,17.619999999999997
C[n+]1ccn(CCO)c1,6.0,2.0,0.0,1.0,0.0,9.0,1.0,1.0,0.5,-0.6951000000000003,29.04
C[n+]1ccn(Cc2ccc3ccccc3c2)c1,15.0,2.0,0.0,0.0,0.0,17.0,3.0,3.0,0.13333333333333333,2.514100000000001,8.809999999999999
C[n+]1ccn(Cc2cccc3ccccc23)c1,15.0,2.0,0.0,0.0,0.0,17.0,3.0,3.0,0.13333333333333333,2.514100000000001,8.809999999999999
Cc1c(C)[n+](C)c(C)n1C,8.0,2.0,0.0,0.0,0.0,10.0,1.0,1.0,0.625,0.7748599999999999,8.809999999999999
Cc1c(C)[n+](CCCCCCCCCC[n+]2c(C)c(C)n(C)c2C)c(C)n1C,24.0,4.0,0.0,0.0,0.0,28.0,2.0,2.0,0.75,4.610120000000005,17.619999999999997
Cc1c(C)[n+](CCCCCCCC[n+]2c(C)c(C)n(C)c2C)c(C)n1C,22.0,4.0,0.0,0.0,0.0,26.0,2.0,2.0,0.7272727272727273,3.829920000000003,17.619999999999997
Cc1c(C)[n+](CCCCCC[n+]2c(C)c(C)n(C)c2C)c(C)n1C,20.0,4.0,0.0,0.0,0.0,24.0,2.0,2.0,0.7,3.0497200000000015,17.619999999999997
Cc1c(C)[n+](CCCCC[n+]2c(C)c(C)n(C)c2C)c(C)n1C,19.0,4.0,0.0,0.0,0.0,23.0,2.0,2.0,0.6842105263157895,2.659620000000001,17.619999999999997
Cc1c(C)[n+](CCCC[n+]2c(C)c(C)n(C)c2C)c(C)n1C,18.0,4.0,0.0,0.0,0.0,22.0,2.0,2.0,0.6666666666666666,2.26952,17.619999999999997
Cc1c(C)[n+](CCC[n+]2c(C)c(C)n(C)c2C)c(C)n1C,17.0,4.0,0.0,0.0,0.0,21.0,2.0,2.0,0.6470588235294118,1.8794199999999996,17.619999999999997
Cc1c(Cn2cc[n+](C)c2)c(C)c(Cn2cc[n+](C)c2)c(C)c1Cn1cc[n+](C)c1,24.0,6.0,0.0,0.0,0.0,30.0,4.0,4.0,0.375,1.6347600000000004,26.429999999999996
Cc1c[n+](C)c(C)n1C,7.0,2.0,0.0,0.0,0.0,9.0,1.0,1.0,0.5714285714285714,0.46643999999999997,8.809999999999999
Cc1c[n+](C)cn1C,6.0,2.0,0.0,0.0,0.0,8.0,1.0,1.0,0.5,0.15801999999999983,8.809999999999999
Cc1cc(C)[n+](C)n1C,7.0,2.0,0.0,0.0,0.0,9.0,1.0,1.0,0.5714285714285714,0.46643999999999997,8.809999999999999
Cc1cc(C)c(-n2cc[n+](-c3c(C)cc(C)cc3C)c2)c(C)c1,21.0,2.0,0.0,0.0,0.0,23.0,3.0,3.0,0.2857142857142857,4.604520000000004,8.809999999999999
Cc1cc(C)cc(Cn2cc[n+](C)c2)c1,13.0,2.0,0.0,0.0,0.0,15.0,2.0,2.0,0.3076923076923077,1.97774,8.809999999999999
Cc1cc(C)cc(Cn2cc[n+](C)c2C)c1,14.0,2.0,0.0,0.0,0.0,16.0,2.0,2.0,0.35714285714285715,2.2861600000000006,8.809999999999999
Cc1cc[n+](C)n1C,6.0,2.0,0.0,0.0,0.0,8.0,1.0,1.0,0.5,0.15801999999999983,8.809999999999999
Cc1cc[n+](CCCC[n+]2ccc(C)n2C)n1C,14.0,4.0,0.0,0.0,0.0,18.0,2.0,2.0,0.5714285714285714,1.0358399999999996,17.619999999999997
Cc1ccc(C[n+]2ccn(C)c2C)cc1,13.0,2.0,0.0,0.0,0.0,15.0,2.0,2.0,0.3076923076923077,1.97774,8.809999999999999
Cc1ccc(Cn2cc[n+](C)c2)cc1,12.0,2.0,0.0,0.0,0.0,14.0,2.0,2.0,0.25,1.6693200000000001,8.809999999999999
Cc1ccc(Cn2cc[n+](C)c2C)cc1,13.0,2.0,0.0,0.0,0.0,15.0,2.0,2.0,0.3076923076923077,1.97774,8.809999999999999
Cc1ccc(N)cc1,7.0,1.0,0.0,0.0,0.0,8.0,1.0,1.0,0.14285714285714285,1.5772199999999998,26.02
Cc1ccc([P+](C)(C)c2ccccc2)cc1,15.0,0.0,1.0,0.0,1.0,16.0,2.0,2.0,0.2,3.2230200000000018,0.0
Cc1ccc([S+](c2ccc(C)cc2)c2ccc(C)cc2)cc1,21.0,0.0,0.0,0.0,0.0,22.0,3.0,3.0,0.14285714285714285,5.707260000000005,0.0
Cc1cccc(C)[n+]1C,8.0,1.0,0.0,0.0,0.0,9.0,1.0,1.0,0.375,1.12794,3.88
Cc1cccc(C[n+]2ccn(C)c2C)c1,13.0,2.0,0.0,0.0,0.0,15.0,2.0,2.0,0.3076923076923077,1.97774,8.809999999999999
Cc1cccc(Cn2cc[n+](C)c2)c1,12.0,2.0,0.0,0.0,0.0,14.0,2.0,2.0,0.25,1.6693200000000001,8.809999999999999
Cc1cccc(Cn2cc[n+](C)c2C)c1,13.0,2.0,0.0,0.0,0.0,15.0,2.0,2.0,0.3076923076923077,1.97774,8.809999999999999
Cc1ccccc1C[n+]1ccn(C)c1C,13.0,2.0,0.0,0.0,0.0,15.0,2.0,2.0,0.3076923076923077,1.97774,8.809999999999999
Cc1ccccc1Cn1cc[n+](C)c1.[Cl-],12.0,2.0,0.0,0.0,0.0,15.0,2.0,2.0,0.25,-1.3266799999999983,8.809999999999999
Cc1ccccc1Cn1cc[n+](C)c1C,13.0,2.0,0.0,0.0,0.0,15.0,2.0,2.0,0.3076923076923077,1.97774,8.809999999999999
Cc1ccn(C)[n+]1CCCC[n+]1c(C)ccn1C,14.0,4.0,0.0,0.0,0.0,18.0,2.0,2.0,0.5714285714285714,1.0358399999999994,17.619999999999997
Cc1ccncc1,6.0,1.0,0.0,0.0,0.0,7.0,1.0,1.0,0.16666666666666666,1.39002,12.89
Cc1cn(C)[n+](C)c1,6.0,2.0,0.0,0.0,0.0,8.0,1.0,1.0,0.5,0.15801999999999983,8.809999999999999
Cc1cn(C)[n+](CCCC[n+]2cc(C)cn2C)c1,14.0,4.0,0.0,0.0,0.0,18.0,2.0,2.0,0.5714285714285714,1.0358399999999996,17.619999999999997
Cc1cn(C)c[n+]1C,6.0,2.0,0.0,0.0,0.0,8.0,1.0,1.0,0.5,0.15801999999999983,8.809999999999999
Cc1cnc(C)c(C)n1,7.0,2.0,0.0,0.0,0.0,9.0,1.0,1.0,0.42857142857142855,1.4018599999999999,25.78
Cc1n(C)cc[n+]1C,6.0,2.0,0.0,0.0,0.0,8.0,1.0,1.0,0.5,0.15801999999999983,8.809999999999999
Cc1n(C)cc[n+]1CC1CCCCC1,12.0,2.0,0.0,0.0,0.0,14.0,2.0,1.0,0.75,2.20132,8.809999999999999
Cc1n(C)cc[n+]1CCCCCCCCCC[n+]1ccn(C)c1C,20.0,4.0,0.0,0.0,0.0,24.0,2.0,2.0,0.7,3.3764400000000023,17.619999999999997
Cc1n(C)cc[n+]1CCCCCCCC[n+]1ccn(C)c1C,18.0,4.0,0.0,0.0,0.0,22.0,2.0,2.0,0.6666666666666666,2.59624,17.619999999999997
Cc1n(C)cc[n+]1CCCCCC[n+]1ccn(C)c1C,16.0,4.0,0.0,0.0,0.0,20.0,2.0,2.0,0.625,1.8160399999999997,17.619999999999997
Cc1n(C)cc[n+]1CCCCC[n+]1ccn(C)c1C,15.0,4.0,0.0,0.0,0.0,19.0,2.0,2.0,0.6,1.4259399999999993,17.619999999999997
Cc1n(C)cc[n+]1CCCC[n+]1ccn(C)c1C,14.0,4.0,0.0,0.0,0.0,18.0,2.0,2.0,0.5714285714285714,1.0358399999999994,17.619999999999997
Cc1n(C)cc[n+]1CCC[n+]1ccn(C)c1C,13.0,4.0,0.0,0.0,0.0,17.0,2.0,2.0,0.5384615384615384,0.6457399999999995,17.619999999999997
Cc1n(C)cc[n+]1Cc1cc(C[n+]2ccn(C)c2C)cc(C[n+]2ccn(C)c2C)c1,24.0,6.0,0.0,0.0,0.0,30.0,4.0,4.0,0.375,1.6347599999999995,26.429999999999996
Cc1n(C)cc[n+]1Cc1ccc(C[n+]2ccn(C)c2C)cc1,18.0,4.0,0.0,0.0,0.0,22.0,3.0,3.0,0.3333333333333333,1.6520399999999995,17.619999999999997
Cc1n(C)cc[n+]1Cc1cccc(C[n+]2ccn(C)c2C)c1,18.0,4.0,0.0,0.0,0.0,22.0,3.0,3.0,0.3333333333333333,1.6520399999999993,17.619999999999997
Cc1n(C)cc[n+]1Cc1ccccc1,12.0,2.0,0.0,0.0,0.0,14.0,2.0,2.0,0.25,1.66932,8.809999999999999
Cc1n(C)cc[n+]1Cc1ccccc1C[n+]1ccn(C)c1C,18.0,4.0,0.0,0.0,0.0,22.0,3.0,3.0,0.3333333333333333,1.6520399999999995,17.619999999999997
Cc1n(CC(O)CO)cc[n+]1C,8.0,2.0,0.0,2.0,0.0,12.0,1.0,1.0,0.625,-1.0257800000000004,49.27
Cc1n(Cc2ccc(F)cc2)cc[n+]1C,12.0,2.0,0.0,0.0,0.0,15.0,2.0,2.0,0.25,1.80842,8.809999999999999
Cc1n(Cc2cccc(F)c2)cc[n+]1C,12.0,2.0,0.0,0.0,0.0,15.0,2.0,2.0,0.25,1.80842,8.809999999999999
Cc1n(Cc2ccccc2F)cc[n+]1C,12.0,2.0,0.0,0.0,0.0,15.0,2.0,2.0,0.25,1.80842,8.809999999999999
Cc1ncc[nH]1,4.0,2.0,0.0,0.0,0.0,6.0,1.0,1.0,0.25,0.7181199999999999,28.68
Cc1nccn1C,5.0,2.0,0.0,0.0,0.0,7.0,1.0,1.0,0.4,0.72852,17.82
ClCCN1CCC(C2CCN(CCCl)CC2)CC1,14.0,2.0,0.0,0.0,0.0,18.0,2.0,0.0,1.0,2.8880000000000017,6.48
Cn1cc[n+](C)c1,5.0,2.0,0.0,0.0,0.0,7.0,1.0,1.0,0.4,-0.1504000000000003,8.809999999999999
Cn1cc[n+](CCCCCCCCCC[n+]2ccn(C)c2)c1,18.0,4.0,0.0,0.0,0.0,22.0,2.0,2.0,0.6666666666666666,2.7596,17.619999999999997
Cn1cc[n+](CCCCCC[n+]2ccn(C)c2)c1,14.0,4.0,0.0,0.0,0.0,18.0,2.0,2.0,0.5714285714285714,1.199199999999999,17.619999999999997
Cn1cc[n+](CCCC[n+]2ccn(C)c2)c1,12.0,4.0,0.0,0.0,0.0,16.0,2.0,2.0,0.5,0.4189999999999996,17.619999999999997
Cn1cc[n+](Cc2ccccc2)c1,11.0,2.0,0.0,0.0,0.0,13.0,2.0,2.0,0.18181818181818182,1.3609,8.809999999999999
Cn1ccc[n+]1CCCCCC[n+]1cccn1C,14.0,4.0,0.0,0.0,0.0,18.0,2.0,2.0,0.5714285714285714,1.1991999999999994,17.619999999999997
Cn1ccc[n+]1CCCCC[n+]1cccn1C,13.0,4.0,0.0,0.0,0.0,17.0,2.0,2.0,0.5384615384615384,0.8090999999999993,17.619999999999997
Cn1ccc[n+]1CCCC[n+]1cccn1C,12.0,4.0,0.0,0.0,0.0,16.0,2.0,2.0,0.5,0.4189999999999996,17.619999999999997
Cn1ccnc1,4.0,2.0,0.0,0.0,0.0,6.0,1.0,1.0,0.25,0.4200999999999999,17.82
F[B-](F)(F)F.c1c[n+](C2CCCCC2)cn1C1CCCCC1,15.0,2.0,0.0,0.0,0.0,22.0,3.0,1.0,0.8,5.086000000000005,8.809999999999999
Fc1ccc(CN2CCCC2)cc1,11.0,1.0,0.0,0.0,0.0,13.0,2.0,1.0,0.45454545454545453,2.421500000000001,3.24
Fc1cccc(CN2CCCC2)c1,11.0,1.0,0.0,0.0,0.0,13.0,2.0,1.0,0.45454545454545453,2.421500000000001,3.24
Fc1ccccc1CN1CCCC1,11.0,1.0,0.0,0.0,0.0,13.0,2.0,1.0,0.45454545454545453,2.421500000000001,3.24
Fc1ccccc1CN1CCCCC1,12.0,1.0,0.0,0.0,0.0,14.0,2.0,1.0,0.5,2.811600000000001,3.24
N,0.0,1.0,0.0,0.0,0.0,1.0,0.0,0.0,0.0,0.16199999999999998,35.0
N#C[S-].[NH4+],1.0,2.0,0.0,0.0,0.0,4.0,0.0,0.0,0.0,0.39058,60.29
N.N.N.N.[Cu+2].[OH3+],0.0,4.0,0.0,1.0,0.0,6.0,0.0,0.0,0.0,-0.27640000000000026,173.0
N=C(N)[NH3+],1.0,3.0,0.0,0.0,0.0,4.0,0.0,0.0,0.0,-1.8782300000000003,77.51
NC(Cc1c[nH]cn1)C(=O)O,6.0,3.0,0.0,2.0,0.0,11.0,1.0,1.0,0.3333333333333333,-0.6359000000000001,92.00000000000001
NC(N)=O,1.0,2.0,0.0,1.0,0.0,4.0,0.0,0.0,0.0,-0.9762000000000002,69.11
NC(N)=[NH2+],1.0,3.0,0.0,0.0,0.0,4.0,0.0,0.0,0.0,-2.9811000000000005,77.63
NC12CC3CC(CC(C3)C1)C2,10.0,1.0,0.0,0.0,0.0,11.0,4.0,0.0,1.0,1.9139,26.02
NC12CCC(CC1)C2,7.0,1.0,0.0,0.0,0.0,8.0,2.0,0.0,1.0,1.2778,26.02
NC1CC2CCC1C2,7.0,1.0,0.0,0.0,0.0,8.0,2.0,0.0,1.0,1.1337,26.02
NC1CCC(N)CC1,6.0,2.0,0.0,0.0,0.0,8.0,1.0,0.0,1.0,0.21499999999999952,52.04
NC1CCCC1,5.0,1.0,0.0,0.0,0.0,6.0,1.0,0.0,1.0,0.8876999999999999,26.02
NC1CCCCC1,6.0,1.0,0.0,0.0,0.0,7.0,1.0,0.0,1.0,1.2778,26.02
NC1CCCCC1N,6.0,2.0,0.0,0.0,0.0,8.0,1.0,0.0,1.0,0.21499999999999997,52.04
NC1CCCN1,4.0,2.0,0.0,0.0,0.0,6.0,1.0,0.0,1.0,-0.3454000000000001,38.05
NCC1CCCC(CN)C1,8.0,2.0,0.0,0.0,0.0,10.0,1.0,0.0,1.0,0.7102,52.04
NCC1CCCO1,5.0,1.0,0.0,1.0,0.0,7.0,1.0,0.0,1.0,0.12409999999999966,35.25
NCC1CCNCC1,6.0,2.0,0.0,0.0,0.0,8.0,1.0,0.0,1.0,-0.05530000000000013,38.05
NCCCCCCCCCCCCN,12.0,2.0,0.0,0.0,0.0,14.0,0.0,0.0,1.0,2.804800000000001,52.04
NCCCCCCCCCCN,10.0,2.0,0.0,0.0,0.0,12.0,0.0,0.0,1.0,2.0246,52.04
NCCCCCCCCCN,9.0,2.0,0.0,0.0,0.0,11.0,0.0,0.0,1.0,1.6345,52.04
NCCCCCCCCN,8.0,2.0,0.0,0.0,0.0,10.0,0.0,0.0,1.0,1.2444000000000002,52.04
NCCCCCCCN,7.0,2.0,0.0,0.0,0.0,9.0,0.0,0.0,1.0,0.8543000000000001,52.04
NCCCCCCC[NH3+],7.0,2.0,0.0,0.0,0.0,9.0,0.0,0.0,1.0,0.13750000000000012,53.66
NCCCCCCN,6.0,2.0,0.0,0.0,0.0,8.0,0.0,0.0,1.0,0.46420000000000006,52.04
NCCCCCN,5.0,2.0,0.0,0.0,0.0,7.0,0.0,0.0,1.0,0.07410000000000017,52.04
NCCCCN,4.0,2.0,0.0,0.0,0.0,6.0,0.0,0.0,1.0,-0.3159999999999998,52.04
NCCCN,3.0,2.0,0.0,0.0,0.0,5.0,0.0,0.0,1.0,-0.7060999999999997,52.04
NCCCNCCCN,6.0,3.0,0.0,0.0,0.0,9.0,0.0,0.0,1.0,-0.7263999999999986,64.07
NCCCNCCNCCCN,8.0,4.0,0.0,0.0,0.0,12.0,0.0,0.0,1.0,-1.1367999999999974,76.1
NCCCOCCOCCOCCCN,10.0,2.0,0.0,3.0,0.0,15.0,0.0,0.0,1.0,-0.2661999999999983,79.73
NCCN,2.0,2.0,0.0,0.0,0.0,4.0,0.0,0.0,1.0,-1.0962,52.04
NCCN(CCN)CCN,6.0,4.0,0.0,0.0,0.0,10.0,0.0,0.0,1.0,-1.835499999999998,81.3
NCCN1CCCC1,6.0,2.0,0.0,0.0,0.0,8.0,1.0,0.0,1.0,0.040899999999999714,29.259999999999998
NCCN1CCNCC1,6.0,3.0,0.0,0.0,0.0,9.0,1.0,0.0,1.0,-1.1496999999999988,41.29
NCCNCCCNCCN,7.0,4.0,0.0,0.0,0.0,11.0,0.0,0.0,1.0,-1.526899999999998,76.1
NCCNCCN,4.0,3.0,0.0,0.0,0.0,7.0,0.0,0.0,1.0,-1.506599999999999,64.07
NCCNCCN.NCCNCCN.[Ni+2],8.0,6.0,0.0,0.0,0.0,15.0,0.0,0.0,1.0,-3.015699999999998,128.14
NCCNCCNCCN,6.0,4.0,0.0,0.0,0.0,10.0,0.0,0.0,1.0,-1.916999999999998,76.1
NCCNCCNCCN.[Cu],6.0,4.0,0.0,0.0,0.0,11.0,0.0,0.0,1.0,-1.9194999999999984,76.1
NCCNCCNCCNCCN,8.0,5.0,0.0,0.0,0.0,13.0,0.0,0.0,1.0,-2.3273999999999972,88.13
NCCNCCNCCNCCN.[Cu],8.0,5.0,0.0,0.0,0.0,14.0,0.0,0.0,1.0,-2.3298999999999976,88.13
NCCNCCNCCNCCNCCN,10.0,6.0,0.0,0.0,0.0,16.0,0.0,0.0,1.0,-2.7377999999999965,100.16
NCCNCCNCCNCCNCCN.[Ni+2],10.0,6.0,0.0,0.0,0.0,17.0,0.0,0.0,1.0,-2.740299999999997,100.16
NCCNCCO,4.0,2.0,0.0,1.0,0.0,7.0,0.0,0.0,1.0,-1.4729999999999996,58.28
NCCO,2.0,1.0,0.0,1.0,0.0,4.0,0.0,0.0,1.0,-1.0626000000000002,46.25
NCCOCCO,4.0,1.0,0.0,2.0,0.0,7.0,0.0,0.0,1.0,-1.0460000000000003,55.480000000000004
N[C@@H]1CCCC[C@H]1N,6.0,2.0,0.0,0.0,0.0,8.0,1.0,0.0,1.0,0.21499999999999997,52.04
N[C@@H]1C[C@H]2CC[C@@H]1C2,7.0,1.0,0.0,0.0,0.0,8.0,2.0,0.0,1.0,1.1337,26.02
N[C@H]1C(O)O[C@H](CO)[C@@H](O)[C@@H]1O,6.0,1.0,0.0,5.0,0.0,12.0,1.0,0.0,1.0,-3.2549999999999994,116.17000000000002
N[C@H]1CC[C@H](N)CC1,6.0,2.0,0.0,0.0,0.0,8.0,1.0,0.0,1.0,0.21499999999999952,52.04
Nc1ccc(N)cc1,6.0,2.0,0.0,0.0,0.0,8.0,1.0,1.0,0.0,0.8510000000000002,52.04
Nc1cccc(N)n1,5.0,3.0,0.0,0.0,0.0,8.0,1.0,1.0,0.0,0.24599999999999989,64.93
Nc1ccccc1,6.0,1.0,0.0,0.0,0.0,7.0,1.0,1.0,0.0,1.2688000000000001,26.02
Nc1ccccc1N,6.0,2.0,0.0,0.0,0.0,8.0,1.0,1.0,0.0,0.851,52.04
Nc1ccccc1O,6.0,1.0,0.0,1.0,0.0,8.0,1.0,1.0,0.0,0.9743999999999999,46.25
O=C(O)CCC(=O)O,4.0,0.0,0.0,4.0,0.0,8.0,0.0,0.0,0.5,-0.06420000000000009,74.6
O=C(O)CN(CCN(CC(=O)O)CC(=O)O)CC(=O)O,10.0,2.0,0.0,8.0,0.0,20.0,0.0,0.0,0.6,-2.0711999999999957,155.68
O=C(O)c1ccccc1C(=O)Nc1cccc2ccccc12,18.0,1.0,0.0,3.0,0.0,22.0,3.0,3.0,0.0,3.790300000000002,66.39999999999999
O=C1CCCCCN1,6.0,1.0,0.0,1.0,0.0,8.0,1.0,0.0,0.8333333333333334,0.6766000000000001,29.1
O=C1CCCN1,4.0,1.0,0.0,1.0,0.0,6.0,1.0,0.0,0.75,-0.10360000000000008,29.1
O=C1CN=C(c2ccccc2Cl)c2cc(Cl)ccc2N1,15.0,2.0,0.0,1.0,0.0,20.0,3.0,2.0,0.06666666666666667,3.7829000000000015,41.46
O=c1ccn([C@@H]2O[C@H](COP(=O)([O-])[O-])[C@@H](O)[C@H]2O)c(=O)[nH]1.[Na+].[Na+],9.0,2.0,0.0,9.0,1.0,23.0,2.0,1.0,0.5555555555555556,-9.990900000000005,176.97
OC1CC2CC[N+]1(Cc1ccccc1)CC2,14.0,1.0,1.0,1.0,0.0,16.0,4.0,1.0,0.5714285714285714,2.1355000000000004,20.23
OC1C[N+]2(Cc3ccccc3)CCC1CC2,14.0,1.0,1.0,1.0,0.0,16.0,4.0,1.0,0.5714285714285714,1.7878999999999998,20.23
OCC(CO)(CO)CO,5.0,0.0,0.0,4.0,0.0,9.0,0.0,0.0,1.0,-2.058,80.92
OCC1CCCN1Cc1ccc(CN2CCCC2CO)cc1,18.0,2.0,0.0,2.0,0.0,22.0,3.0,1.0,0.6666666666666666,1.5999999999999996,46.94
OCC1CCCN1Cc1cccc(CN2CCCC2CO)c1,18.0,2.0,0.0,2.0,0.0,22.0,3.0,1.0,0.6666666666666666,1.5999999999999999,46.94
OCCCCCCO,6.0,0.0,0.0,2.0,0.0,8.0,0.0,0.0,1.0,0.5313999999999999,40.46
OCCN(CCO)CCN(CCO)CCO,10.0,2.0,0.0,4.0,0.0,16.0,0.0,0.0,1.0,-2.4403999999999963,87.4
OCCN(CCO)CCO,6.0,1.0,0.0,3.0,0.0,10.0,0.0,0.0,1.0,-1.734699999999999,63.93000000000001
OCCNCCO,4.0,1.0,0.0,2.0,0.0,7.0,0.0,0.0,1.0,-1.4393999999999998,52.489999999999995
OCCO,2.0,0.0,0.0,2.0,0.0,4.0,0.0,0.0,1.0,-1.0290000000000001,40.46
OCCOCCOCCO,6.0,0.0,0.0,4.0,0.0,10.0,0.0,0.0,1.0,-0.9958000000000002,58.92
OCCOCCOCCOCCO,8.0,0.0,0.0,5.0,0.0,13.0,0.0,0.0,1.0,-0.979199999999999,68.15
OCC[N+](CCO)(CCO)CCO,8.0,1.0,1.0,4.0,0.0,13.0,0.0,0.0,1.0,-2.2275999999999976,80.92
OC[C@@H]1CCCN1Cc1cccc(F)c1,12.0,1.0,0.0,1.0,0.0,15.0,2.0,1.0,0.5,1.7824,23.47
OC[C@@H]1CCCN1Cc1ccccc1,12.0,1.0,0.0,1.0,0.0,14.0,2.0,1.0,0.5,1.6433000000000002,23.47
OC[C@@H]1CCCN1Cc1ccccc1F,12.0,1.0,0.0,1.0,0.0,15.0,2.0,1.0,0.5,1.7824,23.47
OC[C@H](O)[C@@H](O)[C@H](O)CO,5.0,0.0,0.0,5.0,0.0,10.0,0.0,0.0,1.0,-2.9463000000000004,101.15
O[C@H]1[C@H](O)[C@@H](O)[C@H](O)[C@@H](O)[C@H]1O,6.0,0.0,0.0,6.0,0.0,12.0,1.0,0.0,1.0,-3.8346000000000005,121.38000000000001
O[N+]12CCC(CC1)CC2Cc1ccccc1,14.0,1.0,1.0,1.0,0.0,16.0,4.0,1.0,0.5714285714285714,2.617400000000001,20.23
Oc1ccc(O)cc1,6.0,0.0,0.0,2.0,0.0,8.0,1.0,1.0,0.0,1.0977999999999999,40.46
Oc1cccc(O)c1,6.0,0.0,0.0,2.0,0.0,8.0,1.0,1.0,0.0,1.0977999999999999,40.46
Oc1ccccc1O,6.0,0.0,0.0,2.0,0.0,8.0,1.0,1.0,0.0,1.0977999999999999,40.46
[CH]1C=CC=C1,5.0,0.0,0.0,0.0,0.0,5.0,1.0,0.0,0.0,1.31669,0.0
[Co+3].c1cc[cH-]c1.c1cc[cH-]c1,10.0,0.0,0.0,0.0,0.0,11.0,2.0,2.0,0.0,2.8085000000000013,0.0
[NH3+]C1CCCCC1[NH3+],6.0,2.0,0.0,0.0,0.0,8.0,1.0,0.0,1.0,-1.218599999999999,55.28
[NH3+]CC[NH2+]CC[NH3+],4.0,3.0,0.0,0.0,0.0,7.0,0.0,0.0,1.0,-3.9663999999999984,71.89
[NH4+],0.0,1.0,0.0,0.0,0.0,1.0,0.0,0.0,0.0,0.3762,36.5
c1c(C[N+]23CCC(CC2)CC3)cc(C[N+]23CCC(CC2)CC3)cc1C[N+]12CCC(CC1)CC2,30.0,3.0,3.0,0.0,0.0,33.0,10.0,1.0,0.8,5.078100000000005,0.0
c1c[n+](C23CC4CC(C2)C43)cn1C12CC3CC(C1)C32,17.0,2.0,0.0,0.0,0.0,19.0,7.0,1.0,0.8235294117647058,2.2856000000000005,8.809999999999999
c1c[n+](C2CC3CCC2C3)cn1C1CC2CCC1C2,17.0,2.0,0.0,0.0,0.0,19.0,5.0,1.0,0.8235294117647058,3.4978000000000025,8.809999999999999
c1c[n+](C2CCCC2)cn1C1CCCC1,13.0,2.0,0.0,0.0,0.0,15.0,3.0,1.0,0.7692307692307693,3.0058000000000016,8.809999999999999
c1c[n+](C2CCCCC2)cn1C1CCCCC1,15.0,2.0,0.0,0.0,0.0,17.0,3.0,1.0,0.8,3.786000000000003,8.809999999999999
c1c[n+](C2CCCCCC2)cn1C1CCCCCC1,17.0,2.0,0.0,0.0,0.0,19.0,3.0,1.0,0.8235294117647058,4.566200000000005,8.809999999999999
c1c[n+](C2CCCCCCC2)cn1C1CCCCCCC1,19.0,2.0,0.0,0.0,0.0,21.0,3.0,1.0,0.8421052631578947,5.346400000000005,8.809999999999999
c1c[n+](CC2CCCCC2)cn1CC1CCCCC1,17.0,2.0,0.0,0.0,0.0,19.0,3.0,1.0,0.8235294117647058,3.936200000000003,8.809999999999999
c1c[n+]2cn1CCCCCC2,9.0,2.0,0.0,0.0,0.0,11.0,2.0,1.0,0.6666666666666666,1.3496000000000001,8.809999999999999
c1c[n+]2cn1CCCCCCn1cc[n+](c1)CCCCCC2,18.0,4.0,0.0,0.0,0.0,22.0,3.0,2.0,0.6666666666666666,2.6992000000000003,17.619999999999997
c1c[nH]cn1,3.0,2.0,0.0,0.0,0.0,5.0,1.0,1.0,0.0,0.40969999999999995,28.68
c1cc(-c2ccncc2)ccn1,10.0,2.0,0.0,0.0,0.0,12.0,2.0,2.0,0.0,2.1435999999999993,25.78
c1cc(C[N+]23CCC(CC2)CC3)ccc1C[N+]12CCC(CC1)CC2,22.0,2.0,2.0,0.0,0.0,24.0,7.0,1.0,0.7272727272727273,3.947600000000003,0.0
c1cc(C[N+]23CCN(CC2)CC3)ccc1C[N+]12CCN(CC1)CC2,20.0,4.0,2.0,0.0,0.0,24.0,7.0,1.0,0.7,0.9786000000000017,6.48
c1cc(N2CCCC2)ccn1,9.0,2.0,0.0,0.0,0.0,11.0,2.0,1.0,0.4444444444444444,1.6818,16.130000000000003
c1cc[nH+]cc1,5.0,1.0,0.0,0.0,0.0,6.0,1.0,1.0,0.0,0.5006999999999999,14.14
c1cc[nH]c1,4.0,1.0,0.0,0.0,0.0,5.0,1.0,1.0,0.0,1.0147,15.79
c1ccc(CC2CNCCN2Cc2ccccc2)cc1,18.0,2.0,0.0,0.0,0.0,20.0,3.0,2.0,0.3333333333333333,2.703100000000001,15.27
c1ccc(CC[NH+]2CCCC2)cc1,12.0,1.0,0.0,0.0,0.0,13.0,2.0,1.0,0.5,0.9077999999999997,4.44
c1ccc(CN2CCCC2)cc1,11.0,1.0,0.0,0.0,0.0,12.0,2.0,1.0,0.45454545454545453,2.2824,3.24
c1ccc(CN2CCCCC2)cc1,12.0,1.0,0.0,0.0,0.0,13.0,2.0,1.0,0.5,2.672500000000001,3.24
c1ccc(CN2CCCCCC2)cc1,13.0,1.0,0.0,0.0,0.0,14.0,2.0,1.0,0.5384615384615384,3.0626000000000015,3.24
c1ccc(CN2CCCCN(C3CCCCCCC3)CC2)cc1,21.0,2.0,0.0,0.0,0.0,23.0,3.0,1.0,0.7142857142857143,4.697300000000005,6.48
c1ccc(C[N+]23CCC(CC2)CC3)cc1,14.0,1.0,1.0,0.0,0.0,15.0,4.0,1.0,0.5714285714285714,2.817100000000001,0.0
c1ccc(C[N+]23CCN(CC2)CC3)cc1,13.0,2.0,1.0,0.0,0.0,15.0,4.0,1.0,0.5384615384615384,1.3325999999999998,3.24
c1ccc(C[P+](c2ccccc2)(c2ccccc2)c2ccccc2)cc1,25.0,0.0,1.0,0.0,1.0,26.0,4.0,4.0,0.04,5.180700000000003,0.0
c1ccc(Nc2ccccc2)cc1,12.0,1.0,0.0,0.0,0.0,13.0,2.0,2.0,0.0,3.430200000000001,12.03
c1ccc([P+](c2ccccc2)(c2ccccc2)c2ccccc2)cc1,24.0,0.0,1.0,0.0,1.0,25.0,4.0,4.0,0.0,4.306000000000004,0.0
c1ccc([S+](c2ccccc2)c2ccccc2)cc1,18.0,0.0,0.0,0.0,0.0,19.0,3.0,3.0,0.0,4.782000000000004,0.0
c1ccc2c(c1)CC[N+]1(C2)Cc2ccccc2C1,17.0,1.0,1.0,0.0,0.0,18.0,4.0,2.0,0.29411764705882354,3.2733000000000017,0.0
c1ccc2c(c1)C[N+](C1CCCCC1)(C1CCCCC1)C2,20.0,1.0,1.0,0.0,0.0,21.0,4.0,1.0,0.7,5.182400000000005,0.0
c1ccc2c(c1)C[N+]1(CCC3CCCCC3C1)C2,17.0,1.0,1.0,0.0,0.0,18.0,4.0,1.0,0.6470588235294118,3.7271000000000027,0.0
c1ccc2c(c1)C[N+]1(CCCC3CCCCC31)C2,17.0,1.0,1.0,0.0,0.0,18.0,4.0,1.0,0.6470588235294118,3.869600000000003,0.0
c1ccc2c(c1)C[N+]1(CCCCC1)C2,13.0,1.0,1.0,0.0,0.0,14.0,3.0,1.0,0.5384615384615384,2.7009000000000007,0.0
c1ccc2c(c1)OCCOCCOCCOCCO2,14.0,0.0,0.0,5.0,0.0,19.0,2.0,1.0,0.5714285714285714,1.5075999999999996,46.150000000000006
c1ccc2c(c1)OCCOCCOc1ccccc1OCCOCCO2,20.0,0.0,0.0,6.0,0.0,26.0,3.0,2.0,0.4,2.948800000000001,55.38000000000001
c1ccc2c(c1)cc1ccc3cccc4ccc2c1c34,20.0,0.0,0.0,0.0,0.0,20.0,5.0,5.0,0.0,5.737200000000003,0.0
c1ccc2nc3ccccc3cc2c1,13.0,1.0,0.0,0.0,0.0,14.0,3.0,3.0,0.0,3.3880000000000017,12.89
c1ccncc1,5.0,1.0,0.0,0.0,0.0,6.0,1.0,1.0,0.0,1.0816,12.89
{CC1C[N+](C)(C)CC1C},,,,,,,,,,,
{CCCC[N+]12CCN(CC1)CC2C},,,,,,,,,,,
{CCCC[N+]12CCN(CC1)CC2},,,,,,,,,,,
{CCCC[N+]12CCN(CC1C)C(C)C2},,,,,,,,,,,
{CCC[N+]12CCN(CC1)CC2},,,,,,,,,,,
{CNC},,,,,,,,,,,
