candidate_id,source_identity,effort,mode,replicate,round,slot_id,mechanism_family,blind_formula,review_formula,final_formula,blind_status,review_status,final_status,blind_reason,review_reason,final_reason,review_formula_changed,repair_formula_changed,review_support_changed,blind_variables,review_variables,final_variables,review_changes,repair_changes,retained,final_score_mae_R,marginal_gain_pp_of_D0,review_exact_reuse_from_prior_scored_slots,evidence_ids
high/agent/replicate-1/round-1/h1,high/discovery/agent-replicate-1.json,high,agent,1,1,h1,translation,log10(1 + q_Vol / (1 + q_AV)),log10(1 + q_Vol / (1 + q_AV)),log10(1 + q_Vol / (1 + q_AV)),passed,passed,scored,,,,False,False,False,"[""AV"", ""Vol""]","[""AV"", ""Vol""]","[""AV"", ""Vol""]",[],[],True,0.5580804596859734,3.0467608151039034,[],[]
high/agent/replicate-1/round-1/h2,high/discovery/agent-replicate-1.json,high,agent,1,1,h2,rotation,"rotor_case(0, log10(1 + q_PMI1), log10(1 + (q_PMI2 + q_PMI3)/2))","rotor_case(0, log10(1 + (q_PMI2 + q_PMI3)/2), log10(1 + (q_PMI1 + q_PMI2 + q_PMI3)/3))","rotor_case(0, log10(1 + (q_PMI2 + q_PMI3)/2), log10(1 + (q_PMI1 + q_PMI2 + q_PMI3)/3))",passed,passed,scored,,,,True,False,False,"[""PMI1"", ""PMI2"", ""PMI3""]","[""PMI1"", ""PMI2"", ""PMI3""]","[""PMI1"", ""PMI2"", ""PMI3""]","[""formula"", ""rationale"", ""scientific_test.boundary_behavior"", ""scientific_test.physical_interpretation""]",[],False,0.601497263945402,-4.495878843659258,[],[]
high/agent/replicate-1/round-1/h3,high/discovery/agent-replicate-1.json,high,agent,1,1,h3,connectivity,log10(1 + q_GeDi / q_lsd_f),log10(1 + q_GeDi / q_lsd_f),log10(1 + q_GeDi / q_lsd_f),passed,passed,scored,,,,False,False,False,"[""GeDi"", ""lsd_f""]","[""GeDi"", ""lsd_f""]","[""GeDi"", ""lsd_f""]",[],[],False,0.5844875085536116,-1.5408374076899867,[],[]
high/agent/replicate-1/round-2/h1,high/discovery/agent-replicate-1.json,high,agent,1,2,h1,connectivity,log10(1 + q_Vol / q_lsd_p),log10(1 + q_Vol / q_lsd_p),log10(1 + q_Vol / q_lsd_p),passed,passed,scored,,,,False,False,False,"[""Vol"", ""lsd_p""]","[""Vol"", ""lsd_p""]","[""Vol"", ""lsd_p""]","[""falsification_criteria"", ""rationale"", ""scientific_test.boundary_behavior"", ""scientific_test.descriptor_direction"", ""scientific_test.physical_interpretation"", ""scientific_test.proxy_assumptions"", ""scientific_test.regime_input"", ""scientific_test.vary_input""]",[],False,0.5694487871099362,-1.9749771717287343,[],[]
high/agent/replicate-1/round-2/h2,high/discovery/agent-replicate-1.json,high,agent,1,2,h2,shape,log10(1 + q_PBF * q_Vol / (1 + q_ASA)),log10(1 + q_PBF * q_Vol / (1 + q_ASA)),log10(1 + q_PBF * q_Vol / (1 + q_ASA)),passed,passed,scored,,,,False,False,False,"[""ASA"", ""PBF"", ""Vol""]","[""ASA"", ""PBF"", ""Vol""]","[""ASA"", ""PBF"", ""Vol""]",[],[],True,0.5533077017957758,0.8291534478026772,[],[]
high/agent/replicate-1/round-2/h3,high/discovery/agent-replicate-1.json,high,agent,1,2,h3,rotation,"rotor_case(0, log10(1 + (q_PMI3 - q_PMI1)/(1 + q_PMI2)), log10(1 + (q_PMI3 - q_PMI1)/(1 + q_PMI2)))","rotor_case(0, log10(1 + (q_PMI3 - q_PMI1)/(1 + q_PMI2 + abs(q_PMI3 - q_PMI1))), log10(1 + (q_PMI3 - q_PMI1)/(1 + q_PMI2 + abs(q_PMI3 - q_PMI1))))","rotor_case(0, log10(1 + (q_PMI3 - q_PMI1)/(1 + q_PMI2 + abs(q_PMI3 - q_PMI1))), log10(1 + (q_PMI3 - q_PMI1)/(1 + q_PMI2 + abs(q_PMI3 - q_PMI1))))",passed,passed,scored,,,,True,False,False,"[""PMI1"", ""PMI2"", ""PMI3""]","[""PMI1"", ""PMI2"", ""PMI3""]","[""PMI1"", ""PMI2"", ""PMI3""]","[""formula"", ""rationale"", ""scientific_test.boundary_behavior"", ""scientific_test.physical_interpretation""]",[],False,0.5684634644606349,-1.803800738592628,[],[]
high/agent/replicate-1/round-3/h1,high/discovery/agent-replicate-1.json,high,agent,1,3,h1,rotation,"rotor_case(0, log10(1 + q_PMI2 / q_lsd_f), log10(1 + (q_PMI1 + q_PMI2 + q_PMI3) / (3 * q_lsd_f)))","rotor_case(0, log10(1 + q_PMI2 / q_lsd_f), log10(1 + (q_PMI1 + q_PMI2 + q_PMI3) / (3 * q_lsd_f)))","rotor_case(0, log10(1 + q_PMI2 / q_lsd_f), log10(1 + (q_PMI1 + q_PMI2 + q_PMI3) / (3 * q_lsd_f)))",passed,passed,scored,,,,False,False,False,"[""PMI1"", ""PMI2"", ""PMI3"", ""lsd_f""]","[""PMI1"", ""PMI2"", ""PMI3"", ""lsd_f""]","[""PMI1"", ""PMI2"", ""PMI3"", ""lsd_f""]","[""scientific_test.boundary_behavior""]",[],False,0.5748981110722359,-3.7508213705570137,[],[]
high/agent/replicate-1/round-3/h2,high/discovery/agent-replicate-1.json,high,agent,1,3,h2,shape,log10(1 + q_GeDi**3 / (1 + q_Vol)),log10(1 + q_GeDi**3 / (1 + q_Vol)),log10(1 + q_GeDi**3 / (1 + q_Vol)),passed,passed,scored,,,,False,False,False,"[""GeDi"", ""Vol""]","[""GeDi"", ""Vol""]","[""GeDi"", ""Vol""]","[""rationale"", ""scientific_test.boundary_behavior""]",[],False,0.5696548791804477,-2.8399342271647137,[],[]
high/agent/replicate-1/round-3/h3,high/discovery/agent-replicate-1.json,high,agent,1,3,h3,coupling,log10(1 + q_Vol * q_density / q_lsd_p),log10(1 + q_Vol * q_density / q_lsd_p),log10(1 + q_Vol * q_density / q_lsd_p),passed,passed,scored,,,,False,False,False,"[""Vol"", ""density"", ""lsd_p""]","[""Vol"", ""density"", ""lsd_p""]","[""Vol"", ""density"", ""lsd_p""]","[""physical_claims"", ""scientific_test.proxy_assumptions""]",[],False,0.5772348591048594,-4.1567759009293255,[],[]
high/agent/replicate-2/round-1/h1,high/discovery/agent-replicate-2.json,high,agent,2,1,h1,connectivity,log(1 + q_AV) + 0.5 * log(1 + q_lsd_f),log(1 + q_AV) + 0.5 * log(1 + q_lsd_f),log(1 + q_AV) + 0.5 * log(1 + q_lsd_f),passed,passed,scored,,,,False,False,False,"[""AV"", ""lsd_f""]","[""AV"", ""lsd_f""]","[""AV"", ""lsd_f""]",[],[],False,0.5598545615210313,2.738552712549093,[],[]
high/agent/replicate-2/round-1/h2,high/discovery/agent-replicate-2.json,high,agent,2,1,h2,rotation,log(1 + q_PMI3) - log(1 + q_PMI1),log(1 + q_PMI3) - log(1 + q_PMI1),log(1 + q_PMI3) - log(1 + q_PMI1),passed,passed,scored,,,,False,False,False,"[""PMI1"", ""PMI3""]","[""PMI1"", ""PMI3""]","[""PMI1"", ""PMI3""]",[],[],True,0.5518815302202968,4.123677737646258,[],[]
high/agent/replicate-2/round-1/h3,high/discovery/agent-replicate-2.json,high,agent,2,1,h3,coupling,log(1 + q_Vol) - log(1 + q_lsd_f),log(1 + q_Vol) - log(1 + q_lsd_f),log(1 + q_Vol) - log(1 + q_lsd_f),passed,passed,scored,,,,False,False,False,"[""Vol"", ""lsd_f""]","[""Vol"", ""lsd_f""]","[""Vol"", ""lsd_f""]","[""falsification_criteria"", ""physical_claims"", ""rationale"", ""scientific_test.physical_interpretation"", ""scientific_test.proxy_assumptions""]",[],False,0.5710764755810546,0.7890113890883294,[],[]
high/agent/replicate-2/round-2/h1,high/discovery/agent-replicate-2.json,high,agent,2,2,h1,connectivity,log(1 + q_lsd_p) - log(1 + q_lsd_f),log(q_lsd_p) - log(q_lsd_f),log(q_lsd_p) - log(q_lsd_f),passed,passed,scored,,,,True,False,False,"[""lsd_f"", ""lsd_p""]","[""lsd_f"", ""lsd_p""]","[""lsd_f"", ""lsd_p""]","[""falsification_criteria"", ""formula"", ""rationale"", ""scientific_test.boundary_behavior"", ""scientific_test.physical_interpretation"", ""scientific_test.proxy_assumptions""]",[],True,0.5295828388566028,3.87386857893376,[],[]
high/agent/replicate-2/round-2/h2,high/discovery/agent-replicate-2.json,high,agent,2,2,h2,rotation,log(1 + q_PMI3) - log(1 + q_PMI1),log(1 + q_PMI3) - log(1 + q_PMI1),((q_PMI1 - q_PMI2)**2 + (q_PMI2 - q_PMI3)**2 + (q_PMI3 - q_PMI1)**2) / (1 + (q_PMI1 + q_PMI2 + q_PMI3)**2 + (q_PMI1 - q_PMI2)**2 + (q_PMI2 - q_PMI3)**2 + (q_PMI3 - q_PMI1)**2),rejected,rejected,rejected,Redundant with a current input,Redundant with a current input,Formula contradicts its predeclared proxy direction,False,True,False,"[""PMI1"", ""PMI3""]","[""PMI1"", ""PMI3""]","[""PMI1"", ""PMI2"", ""PMI3""]",[],"[""formula"", ""scientific_test.boundary_behavior"", ""variable_mappings.PMI2""]",False,,,"[""high/agent/replicate-2/round-1/h2""]",[]
high/agent/replicate-2/round-2/h3,high/discovery/agent-replicate-2.json,high,agent,2,2,h3,coupling,log(1 + q_Vol) - log(1 + q_lsd_p),log(1 + q_Vol) - log(1 + q_lsd_p),log(1 + q_Vol) - log(1 + q_lsd_p),passed,passed,scored,,,,False,False,False,"[""Vol"", ""lsd_p""]","[""Vol"", ""lsd_p""]","[""Vol"", ""lsd_p""]",[],[],False,0.5640003201547072,-2.105352227891189,[],[]
high/agent/replicate-2/round-3/h1,high/discovery/agent-replicate-2.json,high,agent,2,3,h1,translation,log(1 + q_Vol) - log(1 + q_AV),log(1 + q_Vol) - log(1 + q_AV),log(1 + q_Vol) - log(1 + q_AV),passed,passed,scored,,,,False,False,False,"[""AV"", ""Vol""]","[""AV"", ""Vol""]","[""AV"", ""Vol""]",[],[],False,0.5583812556751615,-5.003041668090548,[],[]
high/agent/replicate-2/round-3/h2,high/discovery/agent-replicate-2.json,high,agent,2,3,h2,rotation,"rotor_case(0, log(1 + q_PMI1 + q_PMI2 + q_PMI3), log(1 + q_PMI1 + q_PMI2 + q_PMI3))","rotor_case(0, log(1 + q_PMI1 + q_PMI2 + q_PMI3), log(1 + q_PMI1 + q_PMI2 + q_PMI3))","rotor_case(0, log(1 + q_PMI1 + q_PMI2 + q_PMI3), log(1 + q_PMI1 + q_PMI2 + q_PMI3))",passed,passed,scored,,,,False,False,False,"[""PMI1"", ""PMI2"", ""PMI3""]","[""PMI1"", ""PMI2"", ""PMI3""]","[""PMI1"", ""PMI2"", ""PMI3""]",[],[],False,0.5396627967823836,-1.7511535385091601,[],[]
high/agent/replicate-2/round-3/h3,high/discovery/agent-replicate-2.json,high,agent,2,3,h3,coupling,log(1 + q_LabuteASA) - log(1 + q_ASA),log(1 + q_LabuteASA) - log(1 + q_ASA),log(1 + q_LabuteASA) - log(1 + q_ASA),passed,passed,scored,,,,False,False,False,"[""ASA"", ""LabuteASA""]","[""ASA"", ""LabuteASA""]","[""ASA"", ""LabuteASA""]",[],[],False,0.5779649413359447,-8.405242420756412,[],[]
high/agent/replicate-3/round-1/h1,high/discovery/agent-replicate-3.json,high,agent,3,1,h1,translation,"log10(q_Vol / maximum(q_AV, 0.01))","log10(q_Vol / maximum(q_AV, 0.01))","log10(q_Vol / maximum(q_AV, 0.01))",rejected,passed,scored,Formula contradicts its predeclared proxy direction,,,False,False,False,"[""AV"", ""Vol""]","[""AV"", ""Vol""]","[""AV"", ""Vol""]","[""rationale"", ""scientific_test.boundary_behavior"", ""scientific_test.descriptor_direction""]",[],True,0.5525934493520684,3.999998679071453,[],[]
high/agent/replicate-3/round-1/h2,high/discovery/agent-replicate-3.json,high,agent,3,1,h2,rotation,"rotor_case(0, log10(q_PMI3), log10(q_PMI3) + (PMI3 - PMI2) / (PMI1 + PMI2 + PMI3))","rotor_case(0, log10(q_PMI3), log10(q_PMI3) + (PMI3 - PMI2) / (PMI1 + PMI2 + PMI3))","rotor_case(0, log10(q_PMI3), log10(q_PMI3) + (PMI3 - PMI2) / (PMI1 + PMI2 + PMI3))",passed,passed,scored,,,,False,False,False,"[""PMI1"", ""PMI2"", ""PMI3""]","[""PMI1"", ""PMI2"", ""PMI3""]","[""PMI1"", ""PMI2"", ""PMI3""]",[],[],False,0.5983492143818906,-3.9489799207534575,[],[]
high/agent/replicate-3/round-1/h3,high/discovery/agent-replicate-3.json,high,agent,3,1,h3,connectivity,(q_SPAN * q_LabuteASA) / q_lsd_f ** 1,(q_SPAN * q_LabuteASA) / q_lsd_f ** 1,(q_SPAN * q_LabuteASA) / q_lsd_f ** 1,rejected,passed,scored,Formula contradicts its predeclared proxy direction,,,False,False,False,"[""LabuteASA"", ""SPAN"", ""lsd_f""]","[""LabuteASA"", ""SPAN"", ""lsd_f""]","[""LabuteASA"", ""SPAN"", ""lsd_f""]","[""rationale"", ""scientific_test.descriptor_direction""]",[],False,0.5791472436255036,-0.6130930763853123,[],[]
high/agent/replicate-3/round-2/h1,high/discovery/agent-replicate-3.json,high,agent,3,2,h1,translation,"log10(q_Vol / maximum(q_AV, 0.01))","log10(q_Vol / maximum(q_AV, 0.01))","q_Vol / (q_Vol + maximum(q_AV, 0.01))",rejected,rejected,scored,Redundant with a current input,Redundant with a current input,,False,True,False,"[""AV"", ""Vol""]","[""AV"", ""Vol""]","[""AV"", ""Vol""]",[],"[""formula"", ""scientific_test.boundary_behavior""]",False,0.5579765131188946,-0.9351796141121257,"[""high/agent/replicate-3/round-1/h1""]",[]
high/agent/replicate-3/round-2/h2,high/discovery/agent-replicate-3.json,high,agent,3,2,h2,rotation,"rotor_case(0, log10(q_PMI3), log10(q_PMI3) + log10(q_PMI2))","rotor_case(0, -log10(q_PMI3), -(log10(q_PMI3) + log10(q_PMI2)))","rotor_case(0, -log10(q_PMI3), -(log10(q_PMI3) + log10(q_PMI2)))",passed,passed,scored,,,,True,False,False,"[""PMI2"", ""PMI3""]","[""PMI2"", ""PMI3""]","[""PMI2"", ""PMI3""]","[""falsification_criteria"", ""formula"", ""rationale"", ""scientific_test.boundary_behavior"", ""scientific_test.descriptor_direction"", ""scientific_test.physical_interpretation"", ""scientific_test.proxy_assumptions""]",[],False,0.5665787497472858,-2.4296141367377335,[],[]
high/agent/replicate-3/round-2/h3,high/discovery/agent-replicate-3.json,high,agent,3,2,h3,connectivity,log10(q_Vol / q_lsd_f ** 3),log10(q_lsd_f ** 3 / q_Vol),log10(q_lsd_f ** 3 / q_Vol),passed,passed,scored,,,,True,False,False,"[""Vol"", ""lsd_f""]","[""Vol"", ""lsd_f""]","[""Vol"", ""lsd_f""]","[""falsification_criteria"", ""formula"", ""rationale"", ""scientific_test.boundary_behavior"", ""scientific_test.descriptor_direction"", ""scientific_test.physical_interpretation"", ""scientific_test.proxy_assumptions""]",[],False,0.5576763128615935,-0.8830269417790657,[],[]
high/agent/replicate-3/round-3/h1,high/discovery/agent-replicate-3.json,high,agent,3,3,h1,translation,log10(q_MW),log10(q_MW),log10(q_MW),passed,passed,scored,,,,False,False,False,"[""MW""]","[""MW""]","[""MW""]",[],[],False,0.5548908073031221,-0.39911143824523415,[],[]
high/agent/replicate-3/round-3/h2,high/discovery/agent-replicate-3.json,high,agent,3,3,h2,coupling,"log10(q_LabuteASA / maximum(q_ASA, 0.01))","log10(q_LabuteASA / maximum(q_ASA, 0.01))","log10(q_LabuteASA / maximum(q_ASA, 0.01))",rejected,passed,scored,Formula contradicts its predeclared proxy direction,,,False,False,False,"[""ASA"", ""LabuteASA""]","[""ASA"", ""LabuteASA""]","[""ASA"", ""LabuteASA""]","[""scientific_test.descriptor_direction""]",[],False,0.5527649095631709,-0.029787143715917903,[],[]
high/agent/replicate-3/round-3/h3,high/discovery/agent-replicate-3.json,high,agent,3,3,h3,connectivity,log10(q_lsd_p / q_lsd_f),log10(q_lsd_p / q_lsd_f),log10(q_lsd_p / q_lsd_f),passed,passed,scored,,,,False,False,False,"[""lsd_f"", ""lsd_p""]","[""lsd_f"", ""lsd_p""]","[""lsd_f"", ""lsd_p""]",[],[],True,0.5233566808702397,5.079194869512504,[],[]
high/rag_agent/replicate-1/round-1/h1,high/discovery/rag_agent-replicate-1.json,high,rag_agent,1,1,h1,translation,(q_lsd_f ** 0.5) * (MW_ref / MW ** 1.0) ** 0.25 * (Vol_ref / Vol ** 1.0) ** 0.125,(q_lsd_f ** 0.5) * (MW_ref / MW ** 1.0) ** 0.25 * (Vol_ref / Vol ** 1.0) ** 0.125,(q_lsd_f ** 0.5) * (MW_ref / MW ** 1.0) ** 0.25 * (Vol_ref / Vol ** 1.0) ** 0.125,passed,passed,scored,,,,False,False,False,"[""MW"", ""Vol"", ""lsd_f""]","[""MW"", ""Vol"", ""lsd_f""]","[""MW"", ""Vol"", ""lsd_f""]","[""evidence_ids"", ""falsification_criteria""]",[],True,0.552654751802484,3.989348832737277,[],"[""E04"", ""E08""]"
high/rag_agent/replicate-1/round-1/h2,high/discovery/rag_agent-replicate-1.json,high,rag_agent,1,1,h2,rotation,"rotor_case(1.0, (q_PMI2 ** 0.25), ((q_PMI2 * q_PMI3) ** 0.125))","rotor_case(1.0, (q_PMI2 ** 0.25), ((q_PMI2 * q_PMI3) ** 0.125))","rotor_case(1.0, (q_PMI2 ** 0.25), ((q_PMI2 * q_PMI3) ** 0.125))",passed,passed,scored,,,,False,False,False,"[""PMI2"", ""PMI3""]","[""PMI2"", ""PMI3""]","[""PMI2"", ""PMI3""]","[""evidence_ids"", ""rationale""]",[],False,0.5788512379957107,-0.5616691210625654,[],"[""E01"", ""E03""]"
high/rag_agent/replicate-1/round-1/h3,high/discovery/rag_agent-replicate-1.json,high,rag_agent,1,1,h3,connectivity,(q_lsd_p / q_lsd_f) ** 0.5,(q_lsd_p / q_lsd_f) ** 0.5,(q_lsd_p / q_lsd_f) ** 0.5,passed,passed,scored,,,,False,False,False,"[""lsd_f"", ""lsd_p""]","[""lsd_f"", ""lsd_p""]","[""lsd_f"", ""lsd_p""]","[""evidence_ids"", ""falsification_criteria"", ""rationale""]",[],False,0.5605776476015576,2.6129336615685546,[],"[""E02"", ""E06""]"
high/rag_agent/replicate-1/round-2/h1,high/discovery/rag_agent-replicate-1.json,high,rag_agent,1,2,h1,rotation,"rotor_case(1.0, (q_PMI1 * q_PMI2) ** 0.25, (q_PMI1 * q_PMI2 * q_PMI3) ** 0.33333333)","rotor_case(1.0, exp(-((q_PMI1 * q_PMI2) ** 0.5)), exp(-((q_PMI1 * q_PMI2 * q_PMI3) ** 0.33333333)))","rotor_case(1.0, exp(-((q_PMI1 * q_PMI2) ** 0.5)), exp(-((q_PMI1 * q_PMI2 * q_PMI3) ** 0.33333333)))",passed,passed,scored,,,,True,False,False,"[""PMI1"", ""PMI2"", ""PMI3""]","[""PMI1"", ""PMI2"", ""PMI3""]","[""PMI1"", ""PMI2"", ""PMI3""]","[""evidence_ids"", ""falsification_criteria"", ""formula"", ""rationale"", ""scientific_test.boundary_behavior"", ""scientific_test.descriptor_direction"", ""scientific_test.physical_interpretation"", ""scientific_test.proxy_assumptions"", ""scientific_test.regime_input"", ""scientific_test.vary_input""]",[],False,0.5566731406779816,-0.6980997292097653,[],"[""E03"", ""E06"", ""E09""]"
high/rag_agent/replicate-1/round-2/h2,high/discovery/rag_agent-replicate-1.json,high,rag_agent,1,2,h2,connectivity,(q_AV ** 0.25) * (q_density ** (-0.125)),(q_AV ** 0.25) * (q_density ** (-0.125)),(q_AV ** 0.25) * (q_density ** (-0.125)),passed,passed,scored,,,,False,False,False,"[""AV"", ""density""]","[""AV"", ""density""]","[""AV"", ""density""]",[],[],True,0.534708297755343,3.1177706037804516,[],[]
high/rag_agent/replicate-1/round-2/h3,high/discovery/rag_agent-replicate-1.json,high,rag_agent,1,2,h3,coupling,(q_ASA ** 0.25) * (q_LabuteASA ** (-0.25)),(q_ASA ** 0.25) * (q_LabuteASA ** (-0.25)),(q_ASA ** 0.25) * (q_LabuteASA ** (-0.25)),passed,passed,scored,,,,False,False,False,"[""ASA"", ""LabuteASA""]","[""ASA"", ""LabuteASA""]","[""ASA"", ""LabuteASA""]",[],[],False,0.5704421516448827,-3.090138709332062,[],[]
high/rag_agent/replicate-1/round-3/h1,high/discovery/rag_agent-replicate-1.json,high,rag_agent,1,3,h1,coupling,(q_GeDi ** 0.25) * (q_lsd_f ** (-0.25)),(q_GeDi ** 0.25) * (q_lsd_f ** (-0.25)),(q_GeDi ** 0.25) * (q_lsd_f ** (-0.25)),passed,passed,scored,,,,False,False,False,"[""GeDi"", ""lsd_f""]","[""GeDi"", ""lsd_f""]","[""GeDi"", ""lsd_f""]",[],[],False,0.5704607969458103,-6.2111484917813575,[],[]
high/rag_agent/replicate-1/round-3/h2,high/discovery/rag_agent-replicate-1.json,high,rag_agent,1,3,h2,shape,q_PBF ** 0.25,q_PBF ** 0.25,q_PBF ** 0.25,passed,passed,scored,,,,False,False,False,"[""PBF""]","[""PBF""]","[""PBF""]",[],[],False,0.5728698057672232,-6.62965661978927,[],[]
high/rag_agent/replicate-1/round-3/h3,high/discovery/rag_agent-replicate-1.json,high,rag_agent,1,3,h3,connectivity,q_lsd_p ** 0.25,q_lsd_p ** 0.25,q_lsd_p ** 0.25,passed,passed,scored,,,,False,False,False,"[""lsd_p""]","[""lsd_p""]","[""lsd_p""]","[""evidence_ids"", ""rationale"", ""scientific_test.boundary_behavior"", ""scientific_test.physical_interpretation""]",[],False,0.5641557139961907,-5.115789919938414,[],"[""E02"", ""E04""]"
high/rag_agent/replicate-2/round-1/h1,high/discovery/rag_agent-replicate-2.json,high,rag_agent,2,1,h1,translation,log((q_Vol**(0.3333333333)) / q_lsd_f),log((q_Vol**(0.3333333333)) / q_lsd_f),log((q_Vol**(0.3333333333)) / q_lsd_f),passed,passed,scored,,,,False,False,False,"[""Vol"", ""lsd_f""]","[""Vol"", ""lsd_f""]","[""Vol"", ""lsd_f""]","[""evidence_ids"", ""physical_claims"", ""rationale"", ""scientific_test.boundary_behavior"", ""scientific_test.physical_interpretation"", ""scientific_test.proxy_assumptions""]",[],True,0.5683535796430516,1.2620499565044592,[],"[""E04"", ""E07""]"
high/rag_agent/replicate-2/round-1/h2,high/discovery/rag_agent-replicate-2.json,high,rag_agent,2,1,h2,rotation,"rotor_case(0.0, log(q_PMI3), log(q_PMI3))","rotor_case(0.0, log(q_PMI3), log(q_PMI3))","rotor_case(0.0, log(q_PMI3), log(q_PMI3))",passed,passed,scored,,,,False,False,False,"[""PMI3""]","[""PMI3""]","[""PMI3""]","[""evidence_ids"", ""rationale"", ""scientific_test.boundary_behavior"", ""scientific_test.physical_interpretation"", ""scientific_test.proxy_assumptions""]",[],False,0.5908397610866222,-2.6443905755295787,[],"[""E01"", ""E02"", ""E03"", ""E05""]"
high/rag_agent/replicate-2/round-1/h3,high/discovery/rag_agent-replicate-2.json,high,rag_agent,2,1,h3,shape,log(q_LabuteASA / (q_Vol**(0.6666666667))),log(q_LabuteASA / (q_Vol**(0.6666666667))),log(q_LabuteASA / (q_Vol**(0.6666666667))),passed,passed,scored,,,,False,False,False,"[""LabuteASA"", ""Vol""]","[""LabuteASA"", ""Vol""]","[""LabuteASA"", ""Vol""]","[""evidence_ids"", ""rationale"", ""scientific_test.boundary_behavior"", ""scientific_test.physical_interpretation"", ""scientific_test.proxy_assumptions""]",[],False,0.59449327465877,-3.2791018775970775,[],"[""E06"", ""E10""]"
high/rag_agent/replicate-2/round-2/h1,high/discovery/rag_agent-replicate-2.json,high,rag_agent,2,2,h1,translation,log((q_Vol**(0.3333333333)) / q_lsd_f),log((q_Vol**(0.3333333333)) / q_lsd_f),(Vol**(0.3333333333))/lsd_f,rejected,rejected,scored,Redundant with a current input,Redundant with a current input,,False,True,False,"[""Vol"", ""lsd_f""]","[""Vol"", ""lsd_f""]","[""Vol"", ""lsd_f""]",[],"[""formula"", ""scientific_test.boundary_behavior""]",False,0.5654000397562122,0.5131074814050895,"[""high/rag_agent/replicate-2/round-1/h1""]",[]
high/rag_agent/replicate-2/round-2/h2,high/discovery/rag_agent-replicate-2.json,high,rag_agent,2,2,h2,connectivity,log(q_lsd_p / q_lsd_f),log(q_lsd_p / q_lsd_f),log(q_lsd_p / q_lsd_f),passed,passed,scored,,,,False,False,False,"[""lsd_f"", ""lsd_p""]","[""lsd_f"", ""lsd_p""]","[""lsd_f"", ""lsd_p""]","[""evidence_ids"", ""falsification_criteria"", ""rationale"", ""scientific_test.boundary_behavior"", ""scientific_test.physical_interpretation"", ""scientific_test.proxy_assumptions""]",[],True,0.5401601675419045,4.8979364524228854,[],"[""E01"", ""E02"", ""E06""]"
high/rag_agent/replicate-2/round-2/h3,high/discovery/rag_agent-replicate-2.json,high,rag_agent,2,2,h3,shape,log(1.0 + q_PBF),log(1.0 + q_PBF/(q_Vol**(0.3333333333))),log(1.0 + q_PBF/(q_Vol**(0.3333333333))),passed,passed,scored,,,,True,False,True,"[""PBF""]","[""PBF"", ""Vol""]","[""PBF"", ""Vol""]","[""evidence_ids"", ""falsification_criteria"", ""formula"", ""rationale"", ""scientific_test.boundary_behavior"", ""scientific_test.physical_interpretation"", ""scientific_test.proxy_assumptions"", ""variable_mappings.Vol""]",[],False,0.5705082429782952,-0.37432163423594295,[],"[""E01"", ""E07""]"
high/rag_agent/replicate-2/round-3/h1,high/discovery/rag_agent-replicate-2.json,high,rag_agent,2,3,h1,translation,log((q_Vol**(0.3333333333)) / q_lsd_f),log((q_Vol**(0.3333333333)) / q_lsd_f),(q_Vol**(0.3333333333)) / q_lsd_f,rejected,rejected,scored,Redundant with a current input,Redundant with a current input,,False,True,False,"[""Vol"", ""lsd_f""]","[""Vol"", ""lsd_f""]","[""Vol"", ""lsd_f""]","[""evidence_ids"", ""rationale""]","[""formula"", ""scientific_test.boundary_behavior""]",False,0.5570785470032653,-2.9391670359881807,"[""high/rag_agent/replicate-2/round-1/h1""]","[""E04""]"
high/rag_agent/replicate-2/round-3/h2,high/discovery/rag_agent-replicate-2.json,high,rag_agent,2,3,h2,connectivity,log(q_lsd_p / q_lsd_f),log(q_lsd_p / q_lsd_f),q_lsd_p / q_lsd_f,rejected,rejected,scored,Redundant with a current input,Redundant with a current input,,False,True,False,"[""lsd_f"", ""lsd_p""]","[""lsd_f"", ""lsd_p""]","[""lsd_f"", ""lsd_p""]","[""evidence_ids"", ""rationale"", ""scientific_test.boundary_behavior"", ""scientific_test.physical_interpretation"", ""scientific_test.proxy_assumptions""]","[""formula"", ""scientific_test.boundary_behavior""]",False,0.5672080910363319,-4.698934984187713,"[""high/rag_agent/replicate-2/round-2/h2""]","[""E06""]"
high/rag_agent/replicate-2/round-3/h3,high/discovery/rag_agent-replicate-2.json,high,rag_agent,2,3,h3,coupling,"rotor_case(0.0, log(q_GeDi / q_lsd_f), log(q_GeDi / q_lsd_f))","rotor_case(0.0, log(q_GeDi / q_lsd_f), log(q_GeDi / q_lsd_f))","rotor_case(0.0, log(q_GeDi / q_lsd_f), log(q_GeDi / q_lsd_f))",passed,passed,scored,,,,False,False,False,"[""GeDi"", ""lsd_f""]","[""GeDi"", ""lsd_f""]","[""GeDi"", ""lsd_f""]","[""evidence_ids"", ""rationale"", ""scientific_test.boundary_behavior"", ""scientific_test.physical_interpretation"", ""scientific_test.proxy_assumptions""]",[],False,0.553229882941922,-2.2705529664475717,[],"[""E01"", ""E03""]"
high/rag_agent/replicate-3/round-1/h1,high/discovery/rag_agent-replicate-3.json,high,rag_agent,3,1,h1,shape,log(1 + q_GeDi),log(1 + q_GeDi),log(1 + q_GeDi),rejected,passed,scored,Wrong physical variable mapping: GeDi requires heavy_atom_pair_distance,,,False,False,False,"[""GeDi""]","[""GeDi""]","[""GeDi""]","[""variable_mappings.GeDi"", ""variable_mappings.q_GeDi""]",[],False,0.5922394327577561,-2.887550320610304,[],[]
high/rag_agent/replicate-3/round-1/h2,high/discovery/rag_agent-replicate-3.json,high,rag_agent,3,1,h2,connectivity,1 / q_lsd_f**2,1 / q_lsd_f**2,1 / q_lsd_f**2,rejected,passed,scored,Wrong physical variable mapping: lsd_f requires bottleneck_free_sphere_Df,,,False,False,False,"[""lsd_f""]","[""lsd_f""]","[""lsd_f""]","[""variable_mappings.lsd_f"", ""variable_mappings.q_lsd_f""]",[],True,0.5532867424065556,3.879555459513569,[],[]
high/rag_agent/replicate-3/round-1/h3,high/discovery/rag_agent-replicate-3.json,high,rag_agent,3,1,h3,translation,q_Vol / (q_AV + 1),q_Vol / (q_AV + 1),q_Vol / (q_AV + 1),rejected,passed,scored,Wrong physical variable mapping: Vol requires molecular_vdw_volume,,,False,False,False,"[""AV"", ""Vol""]","[""AV"", ""Vol""]","[""AV"", ""Vol""]","[""variable_mappings.AV"", ""variable_mappings.Vol"", ""variable_mappings.q_AV"", ""variable_mappings.q_Vol""]",[],False,0.5747228278904395,0.15554418652201749,[],[]
high/rag_agent/replicate-3/round-2/h1,high/discovery/rag_agent-replicate-3.json,high,rag_agent,3,2,h1,connectivity,(lsd_p / lsd_f)**2,q_Vol * (lsd_p / lsd_f)**2,q_Vol * (lsd_p / lsd_f)**2,passed,passed,scored,,,,True,False,True,"[""lsd_f"", ""lsd_p""]","[""Vol"", ""lsd_f"", ""lsd_p""]","[""Vol"", ""lsd_f"", ""lsd_p""]","[""evidence_ids"", ""falsification_criteria"", ""formula"", ""physical_claims"", ""rationale"", ""scientific_test.boundary_behavior"", ""scientific_test.physical_interpretation"", ""scientific_test.proxy_assumptions"", ""variable_mappings.Vol""]",[],True,0.5504140967972061,0.4990540199408201,[],"[""E06"", ""E07""]"
high/rag_agent/replicate-3/round-2/h2,high/discovery/rag_agent-replicate-3.json,high,rag_agent,3,2,h2,translation,1 / q_lsd_f**2,1 / (1 + q_AV),1 / (1 + q_AV),rejected,passed,scored,Redundant with a current input,,,True,False,True,"[""lsd_f""]","[""AV""]","[""AV""]","[""evidence_ids"", ""falsification_criteria"", ""formula"", ""physical_claims"", ""rationale"", ""scientific_test.boundary_behavior"", ""scientific_test.physical_interpretation"", ""scientific_test.proxy_assumptions"", ""scientific_test.regime_input"", ""scientific_test.vary_input"", ""variable_mappings.AV"", ""variable_mappings.lsd_f""]",[],False,0.5659214196218136,-2.1949754033032227,[],"[""E08"", ""E09""]"
high/rag_agent/replicate-3/round-2/h3,high/discovery/rag_agent-replicate-3.json,high,rag_agent,3,2,h3,coupling,q_Vol * q_density,q_Vol * q_density,q_Vol * q_density,passed,passed,scored,,,,False,False,False,"[""Vol"", ""density""]","[""Vol"", ""density""]","[""Vol"", ""density""]",[],[],False,0.561403837800355,-1.4101527432880767,[],[]
high/rag_agent/replicate-3/round-3/h1,high/discovery/rag_agent-replicate-3.json,high,rag_agent,3,3,h1,shape,q_Vol * PBF**2,q_Vol * PBF**2,q_Vol * PBF**2,passed,passed,scored,,,,False,False,False,"[""PBF"", ""Vol""]","[""PBF"", ""Vol""]","[""PBF"", ""Vol""]",[],[],False,0.5751174960246535,-4.291629517590289,[],[]
high/rag_agent/replicate-3/round-3/h2,high/discovery/rag_agent-replicate-3.json,high,rag_agent,3,3,h2,translation,q_GeDi / lsd_p,q_GeDi / q_lsd_p,q_GeDi / q_lsd_p,rejected,passed,scored,Formula contradicts its predeclared proxy direction,,,True,False,False,"[""GeDi"", ""lsd_p""]","[""GeDi"", ""lsd_p""]","[""GeDi"", ""lsd_p""]","[""evidence_ids"", ""falsification_criteria"", ""formula"", ""rationale"", ""scientific_test.boundary_behavior"", ""scientific_test.physical_interpretation"", ""scientific_test.proxy_assumptions"", ""scientific_test.regime_input"", ""scientific_test.vary_input""]",[],False,0.5635490735626443,-2.2818905803370266,[],"[""E03""]"
high/rag_agent/replicate-3/round-3/h3,high/discovery/rag_agent-replicate-3.json,high,rag_agent,3,3,h3,rotation,sqrt(q_PMI3),sqrt(q_PMI3),sqrt(q_PMI3),passed,passed,scored,,,,False,False,False,"[""PMI3""]","[""PMI3""]","[""PMI3""]",[],[],True,0.5410460678659323,1.627472766518076,[],[]
high/small_kg_rag_agent/replicate-1/round-1/h1,high/discovery/small_kg_rag_agent-replicate-1.json,high,small_kg_rag_agent,1,1,h1,connectivity,log(lsd_p / lsd_f),log(lsd_p / lsd_f),log(lsd_p / lsd_f),passed,passed,scored,,,,False,False,False,"[""lsd_f"", ""lsd_p""]","[""lsd_f"", ""lsd_p""]","[""lsd_f"", ""lsd_p""]","[""evidence_ids"", ""falsification_criteria"", ""rationale"", ""scientific_test.physical_interpretation"", ""scientific_test.proxy_assumptions""]",[],True,0.5567470467287312,3.278409680660829,[],"[""E02""]"
high/small_kg_rag_agent/replicate-1/round-1/h2,high/discovery/small_kg_rag_agent-replicate-1.json,high,small_kg_rag_agent,1,1,h2,translation,exp(-(AV / AV_ref)),exp(-(AV / AV_ref)),exp(-(AV / AV_ref)),passed,passed,scored,,,,False,False,False,"[""AV""]","[""AV""]","[""AV""]","[""evidence_ids"", ""rationale""]",[],False,0.5743509654367187,0.2201464652682763,[],"[""E04"", ""E09""]"
high/small_kg_rag_agent/replicate-1/round-1/h3,high/discovery/small_kg_rag_agent-replicate-1.json,high,small_kg_rag_agent,1,1,h3,rotation,"rotor_case(1, log(1 + PMI2 / PMI2_ref), log(1 + (PMI1 / PMI1_ref) * (PMI2 / PMI2_ref) * (PMI3 / PMI3_ref)))","rotor_case(1, log(1 + PMI2 / PMI2_ref), log(1 + (PMI1 / PMI1_ref) * (PMI2 / PMI2_ref) * (PMI3 / PMI3_ref)))","rotor_case(1, log(1 + PMI2 / PMI2_ref), log(1 + (PMI1 / PMI1_ref) * (PMI2 / PMI2_ref) * (PMI3 / PMI3_ref)))",passed,passed,scored,,,,False,False,False,"[""PMI1"", ""PMI2"", ""PMI3""]","[""PMI1"", ""PMI2"", ""PMI3""]","[""PMI1"", ""PMI2"", ""PMI3""]","[""evidence_ids"", ""rationale""]",[],False,0.5883655464908831,-2.214554491265979,[],"[""E01"", ""E05"", ""E06"", ""E07""]"
high/small_kg_rag_agent/replicate-1/round-2/h1,high/discovery/small_kg_rag_agent-replicate-1.json,high,small_kg_rag_agent,1,2,h1,connectivity,log(lsd_p / lsd_f),log(lsd_p / lsd_f),log(1 + (lsd_p - lsd_f) / lsd_f_ref),rejected,rejected,scored,Redundant with a current input,Redundant with a current input,,False,True,False,"[""lsd_f"", ""lsd_p""]","[""lsd_f"", ""lsd_p""]","[""lsd_f"", ""lsd_p""]","[""evidence_ids"", ""rationale""]","[""formula"", ""scientific_test.boundary_behavior""]",False,0.5708491059080542,-2.449898205326505,"[""high/small_kg_rag_agent/replicate-1/round-1/h1""]","[""E02""]"
high/small_kg_rag_agent/replicate-1/round-2/h2,high/discovery/small_kg_rag_agent-replicate-1.json,high,small_kg_rag_agent,1,2,h2,shape,log(1 + LabuteASA / LabuteASA_ref) - log(1 + ASA / ASA_ref),log(1 + LabuteASA / LabuteASA_ref) - log(1 + ASA / ASA_ref),log(1 + LabuteASA / LabuteASA_ref) - log(1 + ASA / ASA_ref),passed,passed,scored,,,,False,False,False,"[""ASA"", ""LabuteASA""]","[""ASA"", ""LabuteASA""]","[""ASA"", ""LabuteASA""]",[],[],True,0.5322994111110325,4.247196658491966,[],[]
high/small_kg_rag_agent/replicate-1/round-2/h3,high/discovery/small_kg_rag_agent-replicate-1.json,high,small_kg_rag_agent,1,2,h3,rotation,"rotor_case(0.0, log(1 + PMI2 / PMI2_ref), log(1 + (PMI1 + PMI2 + PMI3) / (PMI1_ref + PMI2_ref + PMI3_ref)))","rotor_case(0.0, log(1 + PMI2 / PMI2_ref), log(1 + (PMI1 + PMI2 + PMI3) / (PMI1_ref + PMI2_ref + PMI3_ref)))","rotor_case(0.0, log(1 + PMI2 / PMI2_ref), log(1 + (PMI1 + PMI2 + PMI3) / (PMI1_ref + PMI2_ref + PMI3_ref)))",passed,passed,scored,,,,False,False,False,"[""PMI1"", ""PMI2"", ""PMI3""]","[""PMI1"", ""PMI2"", ""PMI3""]","[""PMI1"", ""PMI2"", ""PMI3""]","[""evidence_ids"", ""rationale""]",[],False,0.5660774746030686,-1.6209404749757224,[],"[""E01"", ""E08""]"
high/small_kg_rag_agent/replicate-1/round-3/h1,high/discovery/small_kg_rag_agent-replicate-1.json,high,small_kg_rag_agent,1,3,h1,translation,log(1 + Vol / Vol_ref) - log(1 + AV / AV_ref),log(1 + Vol / Vol_ref) - log(1 + AV / AV_ref),log(1 + Vol / Vol_ref) - log(1 + AV / AV_ref),passed,passed,scored,,,,False,False,False,"[""AV"", ""Vol""]","[""AV"", ""Vol""]","[""AV"", ""Vol""]",[],[],False,0.5615602620856918,-5.083378631274877,[],[]
high/small_kg_rag_agent/replicate-1/round-3/h2,high/discovery/small_kg_rag_agent-replicate-1.json,high,small_kg_rag_agent,1,3,h2,shape,log(1 + GeDi / GeDi_ref) - log(1 + lsd_p / lsd_p_ref),log(1 + GeDi / GeDi_ref) - log(1 + lsd_p / lsd_p_ref),log(1 + GeDi / GeDi_ref) - log(1 + lsd_p / lsd_p_ref),passed,passed,scored,,,,False,False,False,"[""GeDi"", ""lsd_p""]","[""GeDi"", ""lsd_p""]","[""GeDi"", ""lsd_p""]","[""evidence_ids"", ""rationale""]",[],False,0.575616215786693,-7.525267103614178,[],"[""E01"", ""E02"", ""E08""]"
high/small_kg_rag_agent/replicate-1/round-3/h3,high/discovery/small_kg_rag_agent-replicate-1.json,high,small_kg_rag_agent,1,3,h3,coupling,(PBF / PBF_ref) * log(1 + SPAN / SPAN_ref),(PBF / PBF_ref) * log(1 + SPAN / SPAN_ref),(PBF / PBF_ref) * log(1 + SPAN / SPAN_ref),passed,passed,scored,,,,False,False,False,"[""PBF"", ""SPAN""]","[""PBF"", ""SPAN""]","[""PBF"", ""SPAN""]","[""scientific_test.boundary_behavior"", ""scientific_test.physical_interpretation"", ""scientific_test.proxy_assumptions""]",[],False,0.5913341854732451,-10.255891421438752,[],[]
high/small_kg_rag_agent/replicate-2/round-1/h1,high/discovery/small_kg_rag_agent-replicate-2.json,high,small_kg_rag_agent,2,1,h1,translation,log(q_Vol) - 2.0 * log(q_lsd_f),2.0 * log(q_lsd_f) - log(q_Vol),2.0 * log(q_lsd_f) - log(q_Vol),passed,passed,scored,,,,True,False,False,"[""Vol"", ""lsd_f""]","[""Vol"", ""lsd_f""]","[""Vol"", ""lsd_f""]","[""evidence_ids"", ""falsification_criteria"", ""formula"", ""rationale"", ""scientific_test.boundary_behavior"", ""scientific_test.descriptor_direction"", ""scientific_test.physical_interpretation"", ""scientific_test.proxy_assumptions""]",[],False,0.5753313438945024,0.04982896810540872,[],"[""E04"", ""E07""]"
high/small_kg_rag_agent/replicate-2/round-1/h2,high/discovery/small_kg_rag_agent-replicate-2.json,high,small_kg_rag_agent,2,1,h2,rotation,q_PMI3 * q_Vol,q_PMI3 * q_Vol,q_PMI3 * q_Vol,passed,passed,scored,,,,False,False,False,"[""PMI3"", ""Vol""]","[""PMI3"", ""Vol""]","[""PMI3"", ""Vol""]",[],[],False,0.5685872567910154,1.2214540961309714,[],[]
high/small_kg_rag_agent/replicate-2/round-1/h3,high/discovery/small_kg_rag_agent-replicate-2.json,high,small_kg_rag_agent,2,1,h3,connectivity,log(q_lsd_p / q_lsd_f),log(q_lsd_p / q_lsd_f),log(q_lsd_p / q_lsd_f),passed,passed,scored,,,,False,False,False,"[""lsd_f"", ""lsd_p""]","[""lsd_f"", ""lsd_p""]","[""lsd_f"", ""lsd_p""]","[""evidence_ids"", ""falsification_criteria"", ""rationale"", ""scientific_test.boundary_behavior"", ""scientific_test.physical_interpretation"", ""scientific_test.proxy_assumptions""]",[],True,0.5567470467287312,3.278409680660829,[],"[""E02"", ""E06""]"
high/small_kg_rag_agent/replicate-2/round-2/h1,high/discovery/small_kg_rag_agent-replicate-2.json,high,small_kg_rag_agent,2,2,h1,translation,q_AV / q_Vol,q_AV / q_Vol,q_AV / q_Vol,passed,passed,scored,,,,False,False,False,"[""AV"", ""Vol""]","[""AV"", ""Vol""]","[""AV"", ""Vol""]","[""evidence_ids""]",[],False,0.5630408549324148,-1.0933998522344923,[],"[""E07""]"
high/small_kg_rag_agent/replicate-2/round-2/h2,high/discovery/small_kg_rag_agent-replicate-2.json,high,small_kg_rag_agent,2,2,h2,rotation,"rotor_case(1.0, log(1.0 + q_PMI2), log(1.0 + q_PMI3))","rotor_case(1.0, log(1.0 + q_PMI2), log(1.0 + q_PMI3))","rotor_case(1.0, log(1.0 + q_PMI2), log(1.0 + q_PMI3))",passed,passed,scored,,,,False,False,False,"[""PMI2"", ""PMI3""]","[""PMI2"", ""PMI3""]","[""PMI2"", ""PMI3""]","[""evidence_ids""]",[],False,0.5840050158579284,-4.735425429810999,[],"[""E01"", ""E02"", ""E06""]"
high/small_kg_rag_agent/replicate-2/round-2/h3,high/discovery/small_kg_rag_agent-replicate-2.json,high,small_kg_rag_agent,2,2,h3,connectivity,log(q_lsd_p / q_lsd_f),q_GeDi / q_lsd_p,q_GeDi / q_lsd_p,rejected,passed,scored,Redundant with a current input,,,True,False,True,"[""lsd_f"", ""lsd_p""]","[""GeDi"", ""lsd_p""]","[""GeDi"", ""lsd_p""]","[""evidence_ids"", ""falsification_criteria"", ""formula"", ""rationale"", ""scientific_test.boundary_behavior"", ""scientific_test.physical_interpretation"", ""scientific_test.proxy_assumptions"", ""scientific_test.regime_input"", ""scientific_test.vary_input"", ""variable_mappings.GeDi"", ""variable_mappings.lsd_f""]",[],False,0.5569959300707128,-0.04323757581094107,[],"[""E02"", ""E06""]"
high/small_kg_rag_agent/replicate-2/round-3/h1,high/discovery/small_kg_rag_agent-replicate-2.json,high,small_kg_rag_agent,2,3,h1,translation,q_GeDi / q_lsd_f,q_GeDi / q_lsd_f,q_GeDi / q_lsd_f,passed,passed,scored,,,,False,False,False,"[""GeDi"", ""lsd_f""]","[""GeDi"", ""lsd_f""]","[""GeDi"", ""lsd_f""]","[""evidence_ids""]",[],False,0.5667142117810549,-1.7315584528027146,[],"[""E02"", ""E04""]"
high/small_kg_rag_agent/replicate-2/round-3/h2,high/discovery/small_kg_rag_agent-replicate-2.json,high,small_kg_rag_agent,2,3,h2,rotation,log(1.0 + q_PMI3) - log(1.0 + q_PMI1),log(1.0 + q_PMI3) - log(1.0 + q_PMI1),log(1.0 + q_PMI3) - log(1.0 + q_PMI1),passed,passed,scored,,,,False,False,False,"[""PMI1"", ""PMI3""]","[""PMI1"", ""PMI3""]","[""PMI1"", ""PMI3""]","[""evidence_ids"", ""scientific_test.boundary_behavior""]",[],True,0.5326273592170881,4.1902234557667954,[],"[""E01"", ""E02"", ""E06""]"
high/small_kg_rag_agent/replicate-2/round-3/h3,high/discovery/small_kg_rag_agent-replicate-2.json,high,small_kg_rag_agent,2,3,h3,connectivity,log(q_lsd_p / q_lsd_f),q_Vol / (q_lsd_p ** 3),q_Vol / (q_lsd_p ** 3),rejected,passed,scored,Redundant with a current input,,,True,False,True,"[""lsd_f"", ""lsd_p""]","[""Vol"", ""lsd_p""]","[""Vol"", ""lsd_p""]","[""evidence_ids"", ""falsification_criteria"", ""formula"", ""physical_claims"", ""rationale"", ""scientific_test.boundary_behavior"", ""scientific_test.physical_interpretation"", ""scientific_test.proxy_assumptions"", ""scientific_test.regime_input"", ""scientific_test.vary_input"", ""variable_mappings.Vol"", ""variable_mappings.lsd_f""]",[],False,0.5449407110085466,2.051070721272582,[],"[""E06"", ""E07"", ""E09""]"
high/small_kg_rag_agent/replicate-3/round-1/h1,high/discovery/small_kg_rag_agent-replicate-3.json,high,small_kg_rag_agent,3,1,h1,translation,log((q_MW * q_Vol) / q_lsd_f**2),log(q_lsd_f**2 / q_Vol),log(q_Vol / q_lsd_f**2),passed,rejected,scored,,Formula contradicts its predeclared proxy direction,,True,True,True,"[""MW"", ""Vol"", ""lsd_f""]","[""Vol"", ""lsd_f""]","[""Vol"", ""lsd_f""]","[""evidence_ids"", ""falsification_criteria"", ""formula"", ""rationale"", ""scientific_test.boundary_behavior"", ""scientific_test.physical_interpretation"", ""scientific_test.proxy_assumptions"", ""variable_mappings.MW""]","[""formula"", ""scientific_test.boundary_behavior""]",True,0.5563299108978513,3.350877134559222,[],"[""E04"", ""E10""]"
high/small_kg_rag_agent/replicate-3/round-1/h2,high/discovery/small_kg_rag_agent-replicate-3.json,high,small_kg_rag_agent,3,1,h2,rotation,"rotor_case(0.0, log(q_PMI2 * q_PMI3), log(q_PMI2 * q_PMI3) + abs(log(q_PMI3 / q_PMI2)))","rotor_case(0.0, log(q_PMI2 * q_PMI3), log(q_PMI2 * q_PMI3) + abs(log(q_PMI3 / q_PMI2)))","rotor_case(0.0, log(q_PMI2 * q_PMI3), log(q_PMI2 * q_PMI3) + abs(log(q_PMI3 / q_PMI2)))",passed,passed,scored,,,,False,False,False,"[""PMI2"", ""PMI3""]","[""PMI2"", ""PMI3""]","[""PMI2"", ""PMI3""]",[],[],False,0.5913201927319349,-2.7278541754667813,[],[]
high/small_kg_rag_agent/replicate-3/round-1/h3,high/discovery/small_kg_rag_agent-replicate-3.json,high,small_kg_rag_agent,3,1,h3,connectivity,q_lsd_p / q_lsd_f,q_lsd_p / q_lsd_f,q_lsd_p / q_lsd_f,passed,passed,scored,,,,False,False,False,"[""lsd_f"", ""lsd_p""]","[""lsd_f"", ""lsd_p""]","[""lsd_f"", ""lsd_p""]","[""falsification_criteria"", ""rationale""]",[],False,0.5711411849744262,0.7777696672466388,[],[]
high/small_kg_rag_agent/replicate-3/round-2/h1,high/discovery/small_kg_rag_agent-replicate-3.json,high,small_kg_rag_agent,3,2,h1,coupling,log(q_Vol) * q_density,log(q_Vol) * q_density,log(q_Vol) * q_density,passed,passed,scored,,,,False,False,False,"[""Vol"", ""density""]","[""Vol"", ""density""]","[""Vol"", ""density""]",[],[],False,0.5563699919315107,-0.00696312865951654,[],[]
high/small_kg_rag_agent/replicate-3/round-2/h2,high/discovery/small_kg_rag_agent-replicate-3.json,high,small_kg_rag_agent,3,2,h2,rotation,"rotor_case(0.0, q_PMI2, sqrt(q_PMI2 * q_PMI3))","rotor_case(0.0, sqrt(q_PMI2 * q_PMI3) / q_GeDi**2, sqrt(q_PMI2 * q_PMI3) / q_GeDi**2)","rotor_case(0.0, sqrt(q_PMI2 * q_PMI3) / q_GeDi**2, sqrt(q_PMI2 * q_PMI3) / q_GeDi**2)",rejected,passed,scored,Redundant with a current input,,,True,False,True,"[""PMI2"", ""PMI3""]","[""GeDi"", ""PMI2"", ""PMI3""]","[""GeDi"", ""PMI2"", ""PMI3""]","[""evidence_ids"", ""falsification_criteria"", ""formula"", ""physical_claims"", ""rationale"", ""scientific_test.boundary_behavior"", ""scientific_test.physical_interpretation"", ""scientific_test.proxy_assumptions"", ""variable_mappings.GeDi""]",[],False,0.5539467352280899,0.41402023081047856,[],"[""E01"", ""E03"", ""E06"", ""E10""]"
high/small_kg_rag_agent/replicate-3/round-2/h3,high/discovery/small_kg_rag_agent-replicate-3.json,high,small_kg_rag_agent,3,2,h3,connectivity,exp(-q_AV),exp(-q_AV),exp(-q_AV),rejected,passed,scored,Formula contradicts its predeclared proxy direction,,,False,False,False,"[""AV""]","[""AV""]","[""AV""]","[""evidence_ids"", ""falsification_criteria"", ""physical_claims"", ""rationale"", ""scientific_test.boundary_behavior"", ""scientific_test.descriptor_direction"", ""scientific_test.physical_interpretation"", ""scientific_test.proxy_assumptions""]",[],True,0.5383015165258531,3.132005791156907,[],"[""E03"", ""E08""]"
high/small_kg_rag_agent/replicate-3/round-3/h1,high/discovery/small_kg_rag_agent-replicate-3.json,high,small_kg_rag_agent,3,3,h1,shape,log(q_LabuteASA / q_Vol**(2/3)),log(q_LabuteASA / q_Vol**(2/3)),log(q_LabuteASA / q_Vol**(2/3)),passed,passed,scored,,,,False,False,False,"[""LabuteASA"", ""Vol""]","[""LabuteASA"", ""Vol""]","[""LabuteASA"", ""Vol""]",[],[],False,0.5794794535938298,-7.153689602281705,[],[]
high/small_kg_rag_agent/replicate-3/round-3/h2,high/discovery/small_kg_rag_agent-replicate-3.json,high,small_kg_rag_agent,3,3,h2,translation,q_MW * exp(-q_lsd_f),q_MW * exp(-q_lsd_f),q_MW * exp(-q_lsd_f),passed,passed,scored,,,,False,False,False,"[""MW"", ""lsd_f""]","[""MW"", ""lsd_f""]","[""MW"", ""lsd_f""]",[],[],False,0.5757911060204748,-6.512926718955282,[],[]
high/small_kg_rag_agent/replicate-3/round-3/h3,high/discovery/small_kg_rag_agent-replicate-3.json,high,small_kg_rag_agent,3,3,h3,rotation,"rotor_case(0.0, sqrt(q_PMI2 * q_PMI3), (q_PMI1 * q_PMI2 * q_PMI3)**(1/3))","rotor_case(0.0, sqrt(q_PMI2 * q_PMI3), (q_PMI1 * q_PMI2 * q_PMI3)**(1/3))","rotor_case(0.0, sqrt(q_PMI2 * q_PMI3), (q_PMI1 * q_PMI2 * q_PMI3)**(1/3))",passed,passed,scored,,,,False,False,False,"[""PMI1"", ""PMI2"", ""PMI3""]","[""PMI1"", ""PMI2"", ""PMI3""]","[""PMI1"", ""PMI2"", ""PMI3""]","[""evidence_ids"", ""rationale""]",[],False,0.5955774225881829,-9.950329784198804,[],"[""E07""]"
low/agent/replicate-1/round-1/h1,low/discovery/agent-replicate-1.json,low,agent,1,1,h1,translation,(MW / MW_ref) * (lsd_f_ref / lsd_f) ** 2,(MW / MW_ref) * (lsd_f_ref / lsd_f) ** 2,(MW / MW_ref) * (lsd_f_ref / lsd_f) ** 2,passed,passed,scored,,,,False,False,False,"[""MW"", ""lsd_f""]","[""MW"", ""lsd_f""]","[""MW"", ""lsd_f""]",[],[],False,0.5767831355004635,-0.20238537908490942,[],[]
low/agent/replicate-1/round-1/h2,low/discovery/agent-replicate-1.json,low,agent,1,1,h2,translation,log(AV_ref / AV) * (Vol / Vol_ref),-log(AV / AV_ref + 1) * (Vol / Vol_ref),-log(AV / AV_ref + 1) * (Vol / Vol_ref),rejected,passed,scored,Formula undefined on observed training support; use a justified finite proxy or explicit rotor branches,,,True,False,False,"[""AV"", ""Vol""]","[""AV"", ""Vol""]","[""AV"", ""Vol""]","[""falsification_criteria"", ""formula"", ""rationale"", ""scientific_test.boundary_behavior"", ""scientific_test.physical_interpretation"", ""scientific_test.proxy_assumptions""]",[],True,0.5584265575961604,2.9866345145223763,[],[]
low/agent/replicate-1/round-1/h3,low/discovery/agent-replicate-1.json,low,agent,1,1,h3,rotation,"rotor_case(PBF / PBF_ref, (PMI2 / PMI2_ref) * (PMI3 / PMI3_ref) ** 0.5, log(SPAN / SPAN_ref + 1) * (LabuteASA / LabuteASA_ref))","rotor_case(PBF / PBF_ref, (PMI2 / PMI2_ref) * (PMI3 / PMI3_ref) ** 0.5, log(SPAN / SPAN_ref + 1) * (LabuteASA / LabuteASA_ref))","rotor_case(PBF / PBF_ref, (PMI2 / PMI2_ref) * (PMI3 / PMI3_ref) ** 0.5, log(SPAN / SPAN_ref + 1) * (LabuteASA / LabuteASA_ref))",rejected,passed,scored,Formula contradicts its predeclared proxy direction,,,False,False,False,"[""LabuteASA"", ""PBF"", ""PMI2"", ""PMI3"", ""SPAN""]","[""LabuteASA"", ""PBF"", ""PMI2"", ""PMI3"", ""SPAN""]","[""LabuteASA"", ""PBF"", ""PMI2"", ""PMI3"", ""SPAN""]","[""rationale"", ""scientific_test.boundary_behavior"", ""scientific_test.physical_interpretation"", ""scientific_test.regime_input"", ""scientific_test.vary_input""]",[],False,0.5926732957404575,-2.962923720279202,[],[]
low/agent/replicate-1/round-2/h1,low/discovery/agent-replicate-1.json,low,agent,1,2,h1,translation,(Vol / Vol_ref) * (lsd_p_ref / lsd_p),(Vol / Vol_ref) * (lsd_p_ref / lsd_p),(Vol / Vol_ref) * (lsd_p_ref / lsd_p),rejected,passed,scored,Formula contradicts its predeclared proxy direction,,,False,False,False,"[""Vol"", ""lsd_p""]","[""Vol"", ""lsd_p""]","[""Vol"", ""lsd_p""]","[""falsification_criteria"", ""rationale"", ""scientific_test.boundary_behavior"", ""scientific_test.descriptor_direction"", ""scientific_test.physical_interpretation"", ""scientific_test.proxy_assumptions""]",[],True,0.5414036303153957,2.957329739170144,[],[]
low/agent/replicate-1/round-2/h2,low/discovery/agent-replicate-1.json,low,agent,1,2,h2,connectivity,log(LabuteASA / LabuteASA_ref + 1) * (density / density_ref) ** 2,log(LabuteASA / LabuteASA_ref + 1) * (density / density_ref) ** 2,log(LabuteASA / LabuteASA_ref + 1) * (density / density_ref) ** 2,passed,passed,scored,,,,False,False,False,"[""LabuteASA"", ""density""]","[""LabuteASA"", ""density""]","[""LabuteASA"", ""density""]",[],[],False,0.5542729969750821,0.7215826129998641,[],[]
low/agent/replicate-1/round-2/h3,low/discovery/agent-replicate-1.json,low,agent,1,2,h3,rotation,"rotor_case(SPAN / SPAN_ref, (PMI2 / PMI2_ref) * (PMI3 / PMI3_ref) ** -0.5, (PMI3 / PMI3_ref) ** 0.5 * (GeDi / GeDi_ref))","rotor_case(SPAN / SPAN_ref, (PMI2 / PMI2_ref) ** -0.5 * (PMI3 / PMI3_ref) ** 0.5, (PMI3 / PMI3_ref) ** 0.5 * (GeDi / GeDi_ref))","rotor_case(SPAN / SPAN_ref, (PMI2 / PMI2_ref) ** -0.5 * (PMI3 / PMI3_ref) ** 0.5, (PMI3 / PMI3_ref) ** 0.5 * (GeDi / GeDi_ref))",rejected,passed,scored,Formula contradicts its predeclared proxy direction,,,True,False,False,"[""GeDi"", ""PMI2"", ""PMI3"", ""SPAN""]","[""GeDi"", ""PMI2"", ""PMI3"", ""SPAN""]","[""GeDi"", ""PMI2"", ""PMI3"", ""SPAN""]","[""falsification_criteria"", ""formula"", ""rationale"", ""scientific_test.boundary_behavior"", ""scientific_test.physical_interpretation"", ""scientific_test.proxy_assumptions""]",[],False,0.5595257469576751,-0.1909580728491895,[],[]
low/agent/replicate-1/round-3/h1,low/discovery/agent-replicate-1.json,low,agent,1,3,h1,translation,log(SPAN / SPAN_ref + 1) * (lsd_f_ref / lsd_f),-log(SPAN / SPAN_ref + 1) * (lsd_f_ref / lsd_f),-log(SPAN / SPAN_ref + 1) * (lsd_f_ref / lsd_f),passed,passed,scored,,,,True,False,False,"[""SPAN"", ""lsd_f""]","[""SPAN"", ""lsd_f""]","[""SPAN"", ""lsd_f""]","[""falsification_criteria"", ""formula"", ""rationale"", ""scientific_test.boundary_behavior"", ""scientific_test.descriptor_direction"", ""scientific_test.physical_interpretation"", ""scientific_test.proxy_assumptions""]",[],False,0.6014089787938295,-10.424505646867122,[],[]
low/agent/replicate-1/round-3/h2,low/discovery/agent-replicate-1.json,low,agent,1,3,h2,shape,(Vol / Vol_ref) * (AV_ref / (AV + AV_ref)),-(Vol / Vol_ref) * (AV_ref / (AV + AV_ref)),-(Vol / Vol_ref) * (AV_ref / (AV + AV_ref)),passed,passed,scored,,,,True,False,False,"[""AV"", ""Vol""]","[""AV"", ""Vol""]","[""AV"", ""Vol""]","[""falsification_criteria"", ""formula"", ""rationale"", ""scientific_test.boundary_behavior"", ""scientific_test.descriptor_direction"", ""scientific_test.physical_interpretation"", ""scientific_test.proxy_assumptions""]",[],False,0.6027873577533093,-10.663966288476162,[],[]
low/agent/replicate-1/round-3/h3,low/discovery/agent-replicate-1.json,low,agent,1,3,h3,rotation,"rotor_case(0, (PMI2 / PMI2_ref) * (lsd_p_ref / lsd_p) ** 2, (PMI2 * PMI3 / (PMI2_ref * PMI3_ref)) ** 0.25 * (lsd_p_ref / lsd_p))","rotor_case(0, -(PMI2 / PMI2_ref) * (lsd_p_ref / lsd_p) ** 2, -(PMI2 * PMI3 / (PMI2_ref * PMI3_ref)) ** 0.25 * (lsd_p_ref / lsd_p))","rotor_case(0, -(PMI2 / PMI2_ref) * (lsd_p_ref / lsd_p) ** 2, -(PMI2 * PMI3 / (PMI2_ref * PMI3_ref)) ** 0.25 * (lsd_p_ref / lsd_p))",passed,passed,scored,,,,True,False,False,"[""PMI2"", ""PMI3"", ""lsd_p""]","[""PMI2"", ""PMI3"", ""lsd_p""]","[""PMI2"", ""PMI3"", ""lsd_p""]","[""falsification_criteria"", ""formula"", ""physical_claims"", ""rationale"", ""scientific_test.boundary_behavior"", ""scientific_test.descriptor_direction"", ""scientific_test.physical_interpretation"", ""scientific_test.proxy_assumptions""]",[],False,0.5864809432004748,-7.8311136362284595,[],[]
low/agent/replicate-2/round-1/h1,low/discovery/agent-replicate-2.json,low,agent,2,1,h1,translation,q_Vol * exp(-(q_lsd_f)),q_Vol * exp(-(q_lsd_f)),q_Vol * exp(-(q_lsd_f)),passed,passed,scored,,,,False,False,False,"[""Vol"", ""lsd_f""]","[""Vol"", ""lsd_f""]","[""Vol"", ""lsd_f""]",[],[],False,0.5650407196744283,1.8375807771046528,[],[]
low/agent/replicate-2/round-1/h2,low/discovery/agent-replicate-2.json,low,agent,2,1,h2,rotation,"rotor_case(0, log1p_stub_rejected, log((q_PMI3 * q_PMI2 + 1) ) / (q_PMI2 + 1))","rotor_case(0, 1, log(q_PMI2 * q_PMI3 + 1) / (q_PMI2 + 1))","rotor_case(0, 1, log(q_PMI2 * q_PMI3 + 1) / (q_PMI2 + 1))",rejected,passed,scored,Unsupported formula symbol or syntax,,,True,False,False,"[""PMI2"", ""PMI3""]","[""PMI2"", ""PMI3""]","[""PMI2"", ""PMI3""]","[""formula"", ""scientific_test.boundary_behavior"", ""scientific_test.physical_interpretation"", ""scientific_test.proxy_assumptions""]",[],False,0.6144714964284369,-6.749843918652087,[],[]
low/agent/replicate-2/round-1/h3,low/discovery/agent-replicate-2.json,low,agent,2,1,h3,coupling,q_AV / (q_LabuteASA ** 0.5),q_AV / (q_LabuteASA ** 0.5),q_AV / (q_LabuteASA ** 0.5),passed,passed,scored,,,,False,False,False,"[""AV"", ""LabuteASA""]","[""AV"", ""LabuteASA""]","[""AV"", ""LabuteASA""]",[],[],True,0.5589472281479846,2.896180359263217,[],[]
low/agent/replicate-2/round-2/h1,low/discovery/agent-replicate-2.json,low,agent,2,2,h1,translation,q_lsd_f / (q_Vol ** (1/3)),(q_Vol ** (1/3)) / q_lsd_f,(q_Vol ** (1/3)) / q_lsd_f,passed,passed,scored,,,,True,False,False,"[""Vol"", ""lsd_f""]","[""Vol"", ""lsd_f""]","[""Vol"", ""lsd_f""]","[""falsification_criteria"", ""formula"", ""rationale"", ""scientific_test.boundary_behavior"", ""scientific_test.descriptor_direction"", ""scientific_test.physical_interpretation"", ""scientific_test.proxy_assumptions""]",[],False,0.5561499305612405,0.4859640886755585,[],[]
low/agent/replicate-2/round-2/h2,low/discovery/agent-replicate-2.json,low,agent,2,2,h2,rotation,q_PBF * q_LabuteASA,exp(-(q_PBF * q_LabuteASA)),exp(-(q_PBF * q_LabuteASA)),passed,passed,scored,,,,True,False,False,"[""LabuteASA"", ""PBF""]","[""LabuteASA"", ""PBF""]","[""LabuteASA"", ""PBF""]","[""falsification_criteria"", ""formula"", ""rationale"", ""scientific_test.boundary_behavior"", ""scientific_test.descriptor_direction"", ""scientific_test.physical_interpretation"", ""scientific_test.proxy_assumptions""]",[],False,0.5620334166645267,-0.5361520336733337,[],[]
low/agent/replicate-2/round-2/h3,low/discovery/agent-replicate-2.json,low,agent,2,2,h3,connectivity,q_ASA / q_LabuteASA,q_LabuteASA * exp(-q_ASA),q_LabuteASA * exp(-q_ASA),passed,passed,scored,,,,True,False,False,"[""ASA"", ""LabuteASA""]","[""ASA"", ""LabuteASA""]","[""ASA"", ""LabuteASA""]","[""falsification_criteria"", ""formula"", ""rationale"", ""scientific_test.boundary_behavior"", ""scientific_test.descriptor_direction"", ""scientific_test.physical_interpretation"", ""scientific_test.proxy_assumptions""]",[],True,0.5427064658888284,2.8214471238484324,[],[]
low/agent/replicate-2/round-3/h1,low/discovery/agent-replicate-2.json,low,agent,2,3,h1,connectivity,(q_Vol ** (1/3)) / q_lsd_p,q_lsd_p / (q_Vol ** (1/3)),q_lsd_p / (q_Vol ** (1/3)),passed,passed,scored,,,,True,False,False,"[""Vol"", ""lsd_p""]","[""Vol"", ""lsd_p""]","[""Vol"", ""lsd_p""]","[""falsification_criteria"", ""formula"", ""rationale"", ""scientific_test.boundary_behavior"", ""scientific_test.descriptor_direction"", ""scientific_test.physical_interpretation"", ""scientific_test.proxy_assumptions""]",[],False,0.5698081759466911,-4.7082791234765455,[],[]
low/agent/replicate-2/round-3/h2,low/discovery/agent-replicate-2.json,low,agent,2,3,h2,rotation,log(q_PMI2 + 1) / q_LabuteASA,"rotor_case(0, log(q_PMI2 + 1) / q_LabuteASA, log(q_PMI2 + 1) / q_LabuteASA)","rotor_case(0, log(q_PMI2 + 1) / q_LabuteASA, log(q_PMI2 + 1) / q_LabuteASA)",rejected,passed,scored,Nonlinear rotor expressions require explicit single-site/linear/nonlinear branches,,,True,False,False,"[""LabuteASA"", ""PMI2""]","[""LabuteASA"", ""PMI2""]","[""LabuteASA"", ""PMI2""]","[""falsification_criteria"", ""formula"", ""rationale"", ""scientific_test.boundary_behavior"", ""scientific_test.physical_interpretation"", ""scientific_test.proxy_assumptions""]",[],True,0.5381875503173331,0.7850543674402504,[],[]
low/agent/replicate-2/round-3/h3,low/discovery/agent-replicate-2.json,low,agent,2,3,h3,coupling,(q_ASA * q_density) / q_LabuteASA,q_LabuteASA / (q_ASA * q_density + 1),q_LabuteASA / (q_ASA * q_density + 1),passed,passed,scored,,,,True,False,False,"[""ASA"", ""LabuteASA"", ""density""]","[""ASA"", ""LabuteASA"", ""density""]","[""ASA"", ""LabuteASA"", ""density""]","[""falsification_criteria"", ""formula"", ""rationale"", ""scientific_test.boundary_behavior"", ""scientific_test.descriptor_direction"", ""scientific_test.physical_interpretation"", ""scientific_test.proxy_assumptions""]",[],False,0.5743931364374424,-5.504807228694995,[],[]
low/agent/replicate-3/round-1/h1,low/discovery/agent-replicate-3.json,low,agent,3,1,h1,connectivity,log(lsd_f / lsd_f_ref) - log(lsd_p / lsd_p_ref),log(lsd_p / lsd_p_ref) - log(lsd_f / lsd_f_ref),log(lsd_p / lsd_p_ref) - log(lsd_f / lsd_f_ref),rejected,passed,scored,Formula contradicts its predeclared proxy direction,,,True,False,False,"[""lsd_f"", ""lsd_p""]","[""lsd_f"", ""lsd_p""]","[""lsd_f"", ""lsd_p""]","[""falsification_criteria"", ""formula"", ""rationale"", ""scientific_test.boundary_behavior"", ""scientific_test.physical_interpretation"", ""scientific_test.proxy_assumptions""]",[],True,0.5567470467287312,3.278409680660829,[],[]
low/agent/replicate-3/round-1/h2,low/discovery/agent-replicate-3.json,low,agent,3,1,h2,shape,log(SPAN / SPAN_ref) + log(GeDi / GeDi_ref) - log(Vol / Vol_ref),log(1 + SPAN / SPAN_ref) + log(1 + GeDi / GeDi_ref) - log(Vol / Vol_ref),log(1 + SPAN / SPAN_ref) + log(1 + GeDi / GeDi_ref) - log(Vol / Vol_ref),rejected,passed,scored,Formula undefined on observed training support; use a justified finite proxy or explicit rotor branches,,,True,False,False,"[""GeDi"", ""SPAN"", ""Vol""]","[""GeDi"", ""SPAN"", ""Vol""]","[""GeDi"", ""SPAN"", ""Vol""]","[""formula"", ""rationale"", ""scientific_test.boundary_behavior"", ""scientific_test.physical_interpretation"", ""scientific_test.proxy_assumptions""]",[],False,0.5696417921692338,1.0382535934456139,[],[]
low/agent/replicate-3/round-1/h3,low/discovery/agent-replicate-3.json,low,agent,3,1,h3,translation,log((AV / AV_ref) / (density / density_ref)),log(1 + AV / AV_ref) - log(density / density_ref),log(1 + AV / AV_ref) - log(density / density_ref),rejected,passed,scored,Formula undefined on observed training support; use a justified finite proxy or explicit rotor branches,,,True,False,False,"[""AV"", ""density""]","[""AV"", ""density""]","[""AV"", ""density""]","[""falsification_criteria"", ""formula"", ""rationale"", ""scientific_test.boundary_behavior"", ""scientific_test.physical_interpretation"", ""scientific_test.proxy_assumptions""]",[],False,0.5613196697298557,2.4840249215530874,[],[]
low/agent/replicate-3/round-2/h1,low/discovery/agent-replicate-3.json,low,agent,3,2,h1,connectivity,log(lsd_p / lsd_p_ref) - log(lsd_f / lsd_f_ref),log(lsd_p / lsd_p_ref) - log(lsd_f / lsd_f_ref) + log(1 + Vol / Vol_ref),log(lsd_p / lsd_p_ref) - log(lsd_f / lsd_f_ref) + log(1 + Vol / Vol_ref),rejected,passed,scored,Redundant with a current input,,,True,False,True,"[""lsd_f"", ""lsd_p""]","[""Vol"", ""lsd_f"", ""lsd_p""]","[""Vol"", ""lsd_f"", ""lsd_p""]","[""falsification_criteria"", ""formula"", ""rationale"", ""scientific_test.boundary_behavior"", ""scientific_test.physical_interpretation"", ""scientific_test.proxy_assumptions"", ""scientific_test.vary_input"", ""variable_mappings.Vol"", ""variable_mappings.Vol_ref"", ""variable_mappings.lsd_f_ref"", ""variable_mappings.lsd_p_ref""]",[],False,0.5618800534759607,-0.8917381396615397,[],[]
low/agent/replicate-3/round-2/h2,low/discovery/agent-replicate-3.json,low,agent,3,2,h2,rotation,"rotor_case(log(1 + 1e-6/PMI2_ref), log(1 + PMI2/PMI2_ref) - log(1 + PMI1/PMI1_ref), log(1 + (PMI2 + PMI3)/(PMI2_ref + PMI3_ref)) - 2*log(1 + PMI1/PMI1_ref))","rotor_case(0, log(1 + PMI2/PMI2_ref) - log(1 + PMI1/PMI1_ref), log(1 + (PMI2 + PMI3)/(PMI2_ref + PMI3_ref)) - 2*log(1 + PMI1/PMI1_ref))","rotor_case(0, log(1 + PMI2/PMI2_ref) - log(1 + PMI1/PMI1_ref), log(1 + (PMI2 + PMI3)/(PMI2_ref + PMI3_ref)) - 2*log(1 + PMI1/PMI1_ref))",rejected,passed,scored,"Incompatible dimensions in addition, subtraction, minimum or maximum; use matching units or training references",,,True,False,False,"[""PMI1"", ""PMI2"", ""PMI3""]","[""PMI1"", ""PMI2"", ""PMI3""]","[""PMI1"", ""PMI2"", ""PMI3""]","[""falsification_criteria"", ""formula"", ""rationale"", ""scientific_test.boundary_behavior"", ""scientific_test.physical_interpretation"", ""scientific_test.proxy_assumptions"", ""variable_mappings.PMI1_ref"", ""variable_mappings.PMI2_ref"", ""variable_mappings.PMI3_ref""]",[],False,0.5629239690142362,-1.0730936971168368,[],[]
low/agent/replicate-3/round-2/h3,low/discovery/agent-replicate-3.json,low,agent,3,2,h3,coupling,log(1 + ASA/ASA_ref) + log(1 + LabuteASA/LabuteASA_ref),-(log(1 + ASA/ASA_ref) + log(1 + LabuteASA/LabuteASA_ref)),-(log(1 + ASA/ASA_ref) + log(1 + LabuteASA/LabuteASA_ref)),passed,passed,scored,,,,True,False,False,"[""ASA"", ""LabuteASA""]","[""ASA"", ""LabuteASA""]","[""ASA"", ""LabuteASA""]","[""falsification_criteria"", ""formula"", ""rationale"", ""scientific_test.boundary_behavior"", ""scientific_test.descriptor_direction"", ""scientific_test.physical_interpretation"", ""scientific_test.proxy_assumptions"", ""variable_mappings.ASA_ref"", ""variable_mappings.LabuteASA_ref""]",[],True,0.5325807591009226,4.198319120343876,[],[]
low/agent/replicate-3/round-3/h1,low/discovery/agent-replicate-3.json,low,agent,3,3,h1,shape,-log(1 + PBF / PBF_ref),log(1 + PBF / PBF_ref),log(1 + PBF / PBF_ref),rejected,passed,scored,Formula contradicts its predeclared proxy direction,,,True,False,False,"[""PBF""]","[""PBF""]","[""PBF""]","[""falsification_criteria"", ""formula"", ""rationale"", ""scientific_test.boundary_behavior"", ""scientific_test.physical_interpretation"", ""scientific_test.proxy_assumptions""]",[],False,0.5852089454610957,-9.14289875498644,[],[]
low/agent/replicate-3/round-3/h2,low/discovery/agent-replicate-3.json,low,agent,3,3,h2,rotation,log(1 + PMI3 / PMI3_ref) - log(1 + PMI2 / PMI2_ref),"rotor_case(0, 0, log(1 + PMI3 / PMI3_ref) - log(1 + PMI2 / PMI2_ref))","rotor_case(0, 0, log(1 + PMI3 / PMI3_ref) - log(1 + PMI2 / PMI2_ref))",rejected,passed,scored,Nonlinear rotor expressions require explicit single-site/linear/nonlinear branches,,,True,False,False,"[""PMI2"", ""PMI3""]","[""PMI2"", ""PMI3""]","[""PMI2"", ""PMI3""]","[""falsification_criteria"", ""formula"", ""rationale"", ""scientific_test.boundary_behavior"", ""scientific_test.physical_interpretation"", ""scientific_test.proxy_assumptions""]",[],False,0.5668886244493084,-5.960177636244266,[],[]
low/agent/replicate-3/round-3/h3,low/discovery/agent-replicate-3.json,low,agent,3,3,h3,connectivity,log(1 + ASA / ASA_ref) - log(1 + AV / AV_ref),-(log(1 + ASA / ASA_ref) - log(1 + AV / AV_ref)),-(log(1 + ASA / ASA_ref) - log(1 + AV / AV_ref)),passed,passed,scored,,,,True,False,False,"[""ASA"", ""AV""]","[""ASA"", ""AV""]","[""ASA"", ""AV""]","[""falsification_criteria"", ""formula"", ""rationale"", ""scientific_test.boundary_behavior"", ""scientific_test.descriptor_direction"", ""scientific_test.physical_interpretation"", ""scientific_test.proxy_assumptions""]",[],False,0.5460714533398482,-2.3436880518139462,[],[]
low/rag_agent/replicate-1/round-1/h1,low/discovery/rag_agent-replicate-1.json,low,rag_agent,1,1,h1,translation,log( (lsd_f / 5.16326) * (lsd_p / 6.38663) ),log( (lsd_f / 5.16326) * (lsd_p / 6.38663) ),log(q_lsd_f * q_lsd_p),rejected,rejected,rejected,log requires a dimensionless argument; divide by a matching reference,log requires a dimensionless argument; divide by a matching reference,Formula contradicts its predeclared proxy direction,False,True,False,"[""lsd_f"", ""lsd_p""]","[""lsd_f"", ""lsd_p""]","[""lsd_f"", ""lsd_p""]","[""evidence_ids"", ""rationale""]","[""formula"", ""scientific_test.boundary_behavior""]",False,,,[],"[""E02"", ""E04""]"
low/rag_agent/replicate-1/round-1/h2,low/discovery/rag_agent-replicate-1.json,low,rag_agent,1,1,h2,rotation,"rotor_case( log(1 + (PMI1 / 43.29513794)**0.5), log(1 + (PMI2 / 93.79729089)**0.5), log(1 + (PMI3 / 125.4948325)**0.5) )","rotor_case( log(1 + (PMI1 / 43.29513794)**0.5), log(1 + (PMI2 / 93.79729089)**0.5), log(1 + (PMI3 / 125.4948325)**0.5) )","rotor_case( q_PMI1**0.5, q_PMI2**0.5, q_PMI3**0.5 )",rejected,rejected,scored,"Incompatible dimensions in addition, subtraction, minimum or maximum; use matching units or training references","Incompatible dimensions in addition, subtraction, minimum or maximum; use matching units or training references",,False,True,False,"[""PMI1"", ""PMI2"", ""PMI3""]","[""PMI1"", ""PMI2"", ""PMI3""]","[""PMI1"", ""PMI2"", ""PMI3""]","[""evidence_ids"", ""rationale""]","[""formula"", ""scientific_test.boundary_behavior""]",False,0.5910545950977178,-2.6817128879332954,[],"[""E01"", ""E07""]"
low/rag_agent/replicate-1/round-1/h3,low/discovery/rag_agent-replicate-1.json,low,rag_agent,1,1,h3,shape,log(1 + (AV / 0.0759781)) - log(1 + (Vol / 67.24)),log(1 + (AV / 0.0759781)) - log(1 + (Vol / 67.24)),q_AV / q_Vol,rejected,rejected,scored,"Incompatible dimensions in addition, subtraction, minimum or maximum; use matching units or training references","Incompatible dimensions in addition, subtraction, minimum or maximum; use matching units or training references",,False,True,False,"[""AV"", ""Vol""]","[""AV"", ""Vol""]","[""AV"", ""Vol""]","[""evidence_ids"", ""rationale""]","[""formula"", ""scientific_test.boundary_behavior""]",True,0.5431042624099092,5.648519775457879,[],"[""E10""]"
low/rag_agent/replicate-1/round-2/h1,low/discovery/rag_agent-replicate-1.json,low,rag_agent,1,2,h1,translation,log(q_Vol) - log(q_lsd_f),log(q_lsd_f) - log(q_Vol),log(q_lsd_f) - log(q_Vol),passed,passed,scored,,,,True,False,False,"[""Vol"", ""lsd_f""]","[""Vol"", ""lsd_f""]","[""Vol"", ""lsd_f""]","[""evidence_ids"", ""falsification_criteria"", ""formula"", ""rationale"", ""scientific_test.boundary_behavior"", ""scientific_test.physical_interpretation"", ""scientific_test.proxy_assumptions"", ""scientific_test.regime_input"", ""scientific_test.vary_input""]",[],False,0.5547444608186143,-2.0222083050781983,[],"[""E02"", ""E04""]"
low/rag_agent/replicate-1/round-2/h2,low/discovery/rag_agent-replicate-1.json,low,rag_agent,1,2,h2,rotation,"rotor_case( q_SPAN, q_SPAN, q_SPAN * q_PBF )","rotor_case( q_SPAN, q_SPAN, q_SPAN * (1 - q_PBF) )","rotor_case( q_SPAN, q_SPAN, q_SPAN * (1 - q_PBF) )",passed,passed,scored,,,,True,False,False,"[""PBF"", ""SPAN""]","[""PBF"", ""SPAN""]","[""PBF"", ""SPAN""]","[""evidence_ids"", ""falsification_criteria"", ""formula"", ""rationale"", ""scientific_test.boundary_behavior"", ""scientific_test.descriptor_direction"", ""scientific_test.physical_interpretation"", ""scientific_test.proxy_assumptions""]",[],False,0.5646345135050886,-3.7403703138367943,[],"[""E01"", ""E02""]"
low/rag_agent/replicate-1/round-2/h3,low/discovery/rag_agent-replicate-1.json,low,rag_agent,1,2,h3,connectivity,q_AV * q_lsd_p,q_AV * q_lsd_p,q_AV * q_lsd_p,passed,passed,scored,,,,False,False,False,"[""AV"", ""lsd_p""]","[""AV"", ""lsd_p""]","[""AV"", ""lsd_p""]",[],[],False,0.5571457152329259,-2.4393692888287135,[],[]
low/rag_agent/replicate-1/round-3/h1,low/discovery/rag_agent-replicate-1.json,low,rag_agent,1,3,h1,translation,log(q_lsd_f) - log(q_SPAN + 0.1),log(q_lsd_f) - log(q_SPAN + 0.1),log(q_lsd_f) - log(q_SPAN + 0.1),passed,passed,scored,,,,False,False,False,"[""SPAN"", ""lsd_f""]","[""SPAN"", ""lsd_f""]","[""SPAN"", ""lsd_f""]","[""evidence_ids"", ""falsification_criteria"", ""rationale"", ""scientific_test.boundary_behavior"", ""scientific_test.physical_interpretation"", ""scientific_test.proxy_assumptions""]",[],False,0.5677631600893305,-4.283898429438063,[],"[""E02"", ""E03""]"
low/rag_agent/replicate-1/round-3/h2,low/discovery/rag_agent-replicate-1.json,low,rag_agent,1,3,h2,rotation,q_LabuteASA / q_Vol,q_LabuteASA / q_Vol,q_LabuteASA / q_Vol,passed,passed,scored,,,,False,False,False,"[""LabuteASA"", ""Vol""]","[""LabuteASA"", ""Vol""]","[""LabuteASA"", ""Vol""]","[""evidence_ids"", ""falsification_criteria"", ""rationale"", ""scientific_test.boundary_behavior"", ""scientific_test.physical_interpretation"", ""scientific_test.proxy_assumptions""]",[],True,0.5422369610358846,0.1506730366594614,[],"[""E01"", ""E03""]"
low/rag_agent/replicate-1/round-3/h3,low/discovery/rag_agent-replicate-1.json,low,rag_agent,1,3,h3,shape,"rotor_case( q_PBF, q_SPAN, q_PBF * q_SPAN )","rotor_case( q_SPAN, q_SPAN, q_PBF * q_SPAN )","rotor_case( q_SPAN, q_SPAN, q_PBF * q_SPAN )",rejected,passed,scored,Formula contradicts its predeclared proxy direction,,,True,False,False,"[""PBF"", ""SPAN""]","[""PBF"", ""SPAN""]","[""PBF"", ""SPAN""]","[""evidence_ids"", ""falsification_criteria"", ""formula"", ""rationale"", ""scientific_test.boundary_behavior"", ""scientific_test.descriptor_direction"", ""scientific_test.physical_interpretation"", ""scientific_test.proxy_assumptions""]",[],False,0.5624102568065665,-3.353958483862018,[],"[""E01"", ""E03"", ""E06""]"
low/rag_agent/replicate-2/round-1/h1,low/discovery/rag_agent-replicate-2.json,low,rag_agent,2,1,h1,translation,log(q_lsd_f * q_Vol / q_MW),log(q_lsd_f * q_AV / q_MW),log(q_lsd_f / q_MW) + q_AV,rejected,rejected,scored,Wrong physical variable mapping: Vol requires molecular_vdw_volume,Formula undefined on observed training support; use a justified finite proxy or explicit rotor branches,,True,True,True,"[""MW"", ""Vol"", ""lsd_f""]","[""AV"", ""MW"", ""lsd_f""]","[""AV"", ""MW"", ""lsd_f""]","[""evidence_ids"", ""falsification_criteria"", ""formula"", ""rationale"", ""scientific_test.boundary_behavior"", ""scientific_test.physical_interpretation"", ""scientific_test.proxy_assumptions""]","[""formula"", ""scientific_test.boundary_behavior""]",False,0.5727674682558992,0.49524153132199605,[],"[""E01"", ""E02"", ""E04""]"
low/rag_agent/replicate-2/round-1/h2,low/discovery/rag_agent-replicate-2.json,low,rag_agent,2,1,h2,rotation,"rotor_case(log(q_MW), log(q_MW) - 0.2 * q_PMI2 / q_PMI3, log(q_MW) - 0.2 * q_PMI2 / q_PMI3)","rotor_case(log(q_MW), log(q_MW), log(q_MW) - 0.2 * q_PMI2 / q_PMI3)","rotor_case(log(q_MW), log(q_MW), log(q_MW) - 0.2 * q_PMI2 / q_PMI3)",passed,passed,scored,,,,True,False,False,"[""MW"", ""PMI2"", ""PMI3""]","[""MW"", ""PMI2"", ""PMI3""]","[""MW"", ""PMI2"", ""PMI3""]","[""evidence_ids"", ""falsification_criteria"", ""formula"", ""rationale"", ""scientific_test.boundary_behavior"", ""scientific_test.physical_interpretation"", ""scientific_test.proxy_assumptions""]",[],False,0.6146036828752411,-6.7728081776071924,[],"[""E01"", ""E02"", ""E05"", ""E06""]"
low/rag_agent/replicate-2/round-1/h3,low/discovery/rag_agent-replicate-2.json,low,rag_agent,2,1,h3,shape,q_PBF * sqrt(q_SPAN * q_GeDi) / q_ASA,"q_PBF * sqrt(q_SPAN * q_GeDi) / maximum(q_ASA, 0.01)","q_PBF * sqrt(q_SPAN * q_GeDi) / maximum(q_ASA, 0.01)",rejected,passed,scored,Formula undefined on observed training support; use a justified finite proxy or explicit rotor branches,,,True,False,False,"[""ASA"", ""GeDi"", ""PBF"", ""SPAN""]","[""ASA"", ""GeDi"", ""PBF"", ""SPAN""]","[""ASA"", ""GeDi"", ""PBF"", ""SPAN""]","[""evidence_ids"", ""falsification_criteria"", ""formula"", ""rationale"", ""scientific_test.boundary_behavior"", ""scientific_test.physical_interpretation"", ""scientific_test.proxy_assumptions""]",[],True,0.5475025056709958,4.884429358951568,[],"[""E06""]"
low/rag_agent/replicate-2/round-2/h1,low/discovery/rag_agent-replicate-2.json,low,rag_agent,2,2,h1,translation,"log(q_MW) * q_lsd_f / maximum(q_lsd_p, 0.5)",log(q_lsd_f / q_MW) + q_AV,log(q_lsd_f / q_MW) + q_AV,rejected,passed,scored,Formula contradicts its predeclared proxy direction,,,True,False,True,"[""MW"", ""lsd_f"", ""lsd_p""]","[""AV"", ""MW"", ""lsd_f""]","[""AV"", ""MW"", ""lsd_f""]","[""evidence_ids"", ""falsification_criteria"", ""formula"", ""rationale"", ""scientific_test.boundary_behavior"", ""scientific_test.descriptor_direction"", ""scientific_test.physical_interpretation"", ""scientific_test.proxy_assumptions"", ""scientific_test.regime_input"", ""scientific_test.vary_input"", ""variable_mappings.AV"", ""variable_mappings.lsd_p""]",[],False,0.5439240561753049,0.6216706997087982,"[""low/rag_agent/replicate-2/round-1/h1""]","[""E04"", ""E07""]"
low/rag_agent/replicate-2/round-2/h2,low/discovery/rag_agent-replicate-2.json,low,rag_agent,2,2,h2,rotation,"rotor_case(log(q_Vol), log(q_Vol) - 0.1 * q_PMI1 / q_PMI3, log(q_Vol) - 0.1 * q_PMI1 / q_PMI3)","rotor_case(log(q_Vol), log(q_Vol) + 0.1 * q_PMI1 / q_PMI3, log(q_Vol) + 0.1 * q_PMI1 / q_PMI3)","rotor_case(log(q_Vol), log(q_Vol) + 0.1 * q_PMI1 / q_PMI3, log(q_Vol) + 0.1 * q_PMI1 / q_PMI3)",rejected,passed,scored,Formula contradicts its predeclared proxy direction,,,True,False,False,"[""PMI1"", ""PMI3"", ""Vol""]","[""PMI1"", ""PMI3"", ""Vol""]","[""PMI1"", ""PMI3"", ""Vol""]","[""evidence_ids"", ""falsification_criteria"", ""formula"", ""rationale"", ""scientific_test.boundary_behavior"", ""scientific_test.physical_interpretation"", ""scientific_test.proxy_assumptions""]",[],False,0.5764840857060689,-5.034861931338241,[],"[""E01"", ""E02"", ""E06""]"
low/rag_agent/replicate-2/round-2/h3,low/discovery/rag_agent-replicate-2.json,low,rag_agent,2,2,h3,coupling,"q_Vol * q_LabuteASA / maximum(q_AV, 0.05)",q_Vol * q_LabuteASA * q_AV,q_Vol * q_LabuteASA * q_AV,passed,passed,scored,,,,True,False,False,"[""AV"", ""LabuteASA"", ""Vol""]","[""AV"", ""LabuteASA"", ""Vol""]","[""AV"", ""LabuteASA"", ""Vol""]","[""evidence_ids"", ""falsification_criteria"", ""formula"", ""rationale"", ""scientific_test.boundary_behavior"", ""scientific_test.descriptor_direction"", ""scientific_test.physical_interpretation"", ""scientific_test.proxy_assumptions""]",[],True,0.5352084874032945,2.1357939934371095,[],"[""E07""]"
low/rag_agent/replicate-2/round-3/h1,low/discovery/rag_agent-replicate-2.json,low,rag_agent,2,3,h1,translation,q_Vol / q_lsd_f,q_Vol / q_lsd_f,q_Vol / q_lsd_f,passed,passed,scored,,,,False,False,False,"[""Vol"", ""lsd_f""]","[""Vol"", ""lsd_f""]","[""Vol"", ""lsd_f""]",[],[],False,0.5664510052418752,-5.427646233030127,[],[]
low/rag_agent/replicate-2/round-3/h2,low/discovery/rag_agent-replicate-2.json,low,rag_agent,2,3,h2,rotation,"rotor_case(q_LabuteASA / q_lsd_p, q_LabuteASA / q_lsd_p, q_LabuteASA / q_lsd_p)",q_LabuteASA / q_lsd_p,q_LabuteASA / q_lsd_p,passed,passed,scored,,,,True,False,False,"[""LabuteASA"", ""lsd_p""]","[""LabuteASA"", ""lsd_p""]","[""LabuteASA"", ""lsd_p""]","[""evidence_ids"", ""falsification_criteria"", ""formula"", ""rationale"", ""scientific_test.boundary_behavior"", ""scientific_test.physical_interpretation"", ""scientific_test.proxy_assumptions""]",[],False,0.5596103872979906,-4.239251161718866,[],"[""E01"", ""E02""]"
low/rag_agent/replicate-2/round-3/h3,low/discovery/rag_agent-replicate-2.json,low,rag_agent,2,3,h3,shape,q_PBF * q_GeDi / (q_ASA + 0.5),q_PBF * q_GeDi / (q_ASA + 0.5),q_PBF * q_GeDi / (q_ASA + 0.5),passed,passed,scored,,,,False,False,False,"[""ASA"", ""GeDi"", ""PBF""]","[""ASA"", ""GeDi"", ""PBF""]","[""ASA"", ""GeDi"", ""PBF""]",[],[],False,0.5627218628112497,-4.779796211127513,[],[]
low/rag_agent/replicate-3/round-1/h1,low/discovery/rag_agent-replicate-3.json,low,rag_agent,3,1,h1,translation,log(1 + q_lsd_f) * (MW / MW_ref) ** 0.5,log(1 + q_lsd_f) * (MW / MW_ref) ** 0.5,log(1 + q_lsd_f) * (MW / MW_ref) ** 0.5,passed,passed,scored,,,,False,False,False,"[""MW"", ""lsd_f""]","[""MW"", ""lsd_f""]","[""MW"", ""lsd_f""]",[],[],False,0.5932178431970834,-3.0575259212584056,[],[]
low/rag_agent/replicate-3/round-1/h2,low/discovery/rag_agent-replicate-3.json,low,rag_agent,3,1,h2,connectivity,log(1 + AV/AV_ref) / (Vol / Vol_ref) ** 0.5,((Vol / Vol_ref) ** 0.5) / log(1 + AV / AV_ref),"((Vol / Vol_ref) ** 0.5) * (1 + AV_ref / maximum(AV, AV_ref))",passed,rejected,scored,,Formula undefined on observed training support; use a justified finite proxy or explicit rotor branches,,True,True,False,"[""AV"", ""Vol""]","[""AV"", ""Vol""]","[""AV"", ""Vol""]","[""evidence_ids"", ""falsification_criteria"", ""formula"", ""novelty_status"", ""physical_claims"", ""rationale"", ""scientific_test.boundary_behavior"", ""scientific_test.descriptor_direction"", ""scientific_test.physical_interpretation"", ""scientific_test.proxy_assumptions""]","[""formula"", ""scientific_test.boundary_behavior""]",True,0.5686460177228332,1.211245778354602,[],"[""E02"", ""E04"", ""E09""]"
low/rag_agent/replicate-3/round-1/h3,low/discovery/rag_agent-replicate-3.json,low,rag_agent,3,1,h3,rotation,"rotor_case(log(1 + q_SPAN), log(1 + (SPAN/SPAN_ref) * (PBF/PBF_ref + 1)), log(1 + (SPAN/SPAN_ref) ** 2 * (PMI3/PMI3_ref) ** 0.25))","rotor_case(log(1 + q_SPAN), log(1 + (SPAN/SPAN_ref) * (PBF/PBF_ref + 1)), log(1 + (SPAN/SPAN_ref) ** 2 * (PMI3/PMI3_ref) ** 0.25))","rotor_case(log(1 + q_SPAN), log(1 + (SPAN/SPAN_ref) * (PBF/PBF_ref + 1)), log(1 + (SPAN/SPAN_ref) ** 2 * (PMI3/PMI3_ref) ** 0.25))",passed,passed,scored,,,,False,False,False,"[""PBF"", ""PMI3"", ""SPAN""]","[""PBF"", ""PMI3"", ""SPAN""]","[""PBF"", ""PMI3"", ""SPAN""]",[],[],False,0.5909241426134502,-2.659049863829951,[],[]
low/rag_agent/replicate-3/round-2/h1,low/discovery/rag_agent-replicate-3.json,low,rag_agent,3,2,h1,shape,log(1 + q_LabuteASA) * sqrt(1 + SPAN / SPAN_ref),1 / (log(1 + q_LabuteASA) * sqrt(1 + SPAN / SPAN_ref)),1 / (log(1 + q_LabuteASA) * sqrt(1 + SPAN / SPAN_ref)),passed,passed,scored,,,,True,False,False,"[""LabuteASA"", ""SPAN""]","[""LabuteASA"", ""SPAN""]","[""LabuteASA"", ""SPAN""]","[""falsification_criteria"", ""formula"", ""rationale"", ""scientific_test.boundary_behavior"", ""scientific_test.descriptor_direction"", ""scientific_test.physical_interpretation"", ""scientific_test.proxy_assumptions""]",[],True,0.530712788997235,6.589998509816544,[],[]
low/rag_agent/replicate-3/round-2/h2,low/discovery/rag_agent-replicate-3.json,low,rag_agent,3,2,h2,translation,"((Vol / Vol_ref) ** 0.5) * (1 + AV_ref / maximum(AV, AV_ref))","((Vol / Vol_ref) ** 0.5) * (1 + ASA_ref / maximum(ASA, ASA_ref))","((Vol / Vol_ref) ** 0.5) * (1 + ASA_ref / maximum(ASA, ASA_ref))",rejected,passed,scored,Redundant with a current input,,,True,False,True,"[""AV"", ""Vol""]","[""ASA"", ""Vol""]","[""ASA"", ""Vol""]","[""falsification_criteria"", ""formula"", ""rationale"", ""scientific_test.boundary_behavior"", ""scientific_test.physical_interpretation"", ""scientific_test.proxy_assumptions"", ""scientific_test.vary_input"", ""variable_mappings.ASA"", ""variable_mappings.AV""]",[],False,0.5672984305391512,0.23411130111156084,[],[]
low/rag_agent/replicate-3/round-2/h3,low/discovery/rag_agent-replicate-3.json,low,rag_agent,3,2,h3,connectivity,(lsd_p / lsd_p_ref) / (1 + lsd_f / lsd_f_ref),(1 + lsd_f / lsd_f_ref) * (lsd_p_ref / lsd_p),(1 + lsd_f / lsd_f_ref) * (lsd_p_ref / lsd_p),passed,passed,scored,,,,True,False,False,"[""lsd_f"", ""lsd_p""]","[""lsd_f"", ""lsd_p""]","[""lsd_f"", ""lsd_p""]","[""evidence_ids"", ""falsification_criteria"", ""formula"", ""rationale"", ""scientific_test.boundary_behavior"", ""scientific_test.physical_interpretation"", ""scientific_test.proxy_assumptions"", ""scientific_test.regime_input"", ""scientific_test.vary_input""]",[],False,0.5396590750086654,5.0357935695992015,[],"[""E01"", ""E02"", ""E04""]"
low/rag_agent/replicate-3/round-3/h1,low/discovery/rag_agent-replicate-3.json,low,rag_agent,3,3,h1,coupling,(density / density_ref) * (1 + (Vol / Vol_ref) ** 0.5),(density / density_ref) * (1 + (Vol / Vol_ref) ** 0.5),(density / density_ref) * (1 + (Vol / Vol_ref) ** 0.5),passed,passed,scored,,,,False,False,False,"[""Vol"", ""density""]","[""Vol"", ""density""]","[""Vol"", ""density""]",[],[],False,0.6168323364196289,-14.961228143405311,[],[]
low/rag_agent/replicate-3/round-3/h2,low/discovery/rag_agent-replicate-3.json,low,rag_agent,3,3,h2,translation,log(1 + MW / MW_ref) * (lsd_p / lsd_p_ref),log(1 + MW / MW_ref) * (lsd_p_ref / lsd_p),log(1 + MW / MW_ref) * (lsd_p_ref / lsd_p),rejected,passed,scored,Formula contradicts its predeclared proxy direction,,,True,False,False,"[""MW"", ""lsd_p""]","[""MW"", ""lsd_p""]","[""MW"", ""lsd_p""]","[""evidence_ids"", ""falsification_criteria"", ""formula"", ""rationale"", ""scientific_test.boundary_behavior"", ""scientific_test.physical_interpretation"", ""scientific_test.proxy_assumptions""]",[],False,0.5845499875883613,-9.352935945808413,[],"[""E03"", ""E04""]"
low/rag_agent/replicate-3/round-3/h3,low/discovery/rag_agent-replicate-3.json,low,rag_agent,3,3,h3,connectivity,sqrt(1 + GeDi / GeDi_ref) * (1 + lsd_f_ref / lsd_f) * (lsd_p / lsd_p_ref),sqrt(1 + GeDi / GeDi_ref) * (1 + lsd_f / lsd_f_ref) * (lsd_p_ref / lsd_p),sqrt(1 + GeDi / GeDi_ref) * (1 + lsd_f / lsd_f_ref) * (lsd_p_ref / lsd_p),rejected,passed,scored,Formula contradicts its predeclared proxy direction,,,True,False,False,"[""GeDi"", ""lsd_f"", ""lsd_p""]","[""GeDi"", ""lsd_f"", ""lsd_p""]","[""GeDi"", ""lsd_f"", ""lsd_p""]","[""evidence_ids"", ""formula"", ""rationale"", ""scientific_test.boundary_behavior""]",[],False,0.5631239974205453,-5.6306784944681825,[],"[""E01"", ""E02""]"
low/small_kg_rag_agent/replicate-1/round-1/h1,low/discovery/small_kg_rag_agent-replicate-1.json,low,small_kg_rag_agent,1,1,h1,translation,log(1 + (Vol/Vol_ref) * (lsd_f/lsd_f_ref)**-2) - (lsd_f/lsd_f_ref),log(1 + (Vol/Vol_ref) * (lsd_f/lsd_f_ref)**-2) - (lsd_f/lsd_f_ref),log(1 + (Vol/Vol_ref) * (lsd_f/lsd_f_ref)**-2) - (lsd_f/lsd_f_ref),passed,passed,scored,,,,False,False,False,"[""Vol"", ""lsd_f""]","[""Vol"", ""lsd_f""]","[""Vol"", ""lsd_f""]","[""evidence_ids"", ""rationale"", ""scientific_test.boundary_behavior"", ""scientific_test.physical_interpretation"", ""scientific_test.proxy_assumptions""]",[],False,0.5718326603044699,0.657642234184566,[],"[""E02"", ""E04""]"
low/small_kg_rag_agent/replicate-1/round-1/h2,low/discovery/small_kg_rag_agent-replicate-1.json,low,small_kg_rag_agent,1,1,h2,rotation,"rotor_case(log(1 + 1e-8), log(1 + (PMI2/PMI2_ref)**0.5 / (SPAN/SPAN_ref + 1.0)), log(1 + (PMI3/PMI3_ref)**0.5 / (SPAN/SPAN_ref + 1.0)))","rotor_case(log(1 + 1e-8), log(1 + (PMI2/PMI2_ref)**0.5 / (SPAN/SPAN_ref + 1.0)), log(1 + (PMI3/PMI3_ref)**0.5 / (SPAN/SPAN_ref + 1.0)))","rotor_case(log(1 + 1e-8), log(1 + (PMI2/PMI2_ref)**0.5 / (SPAN/SPAN_ref + 1.0)), log(1 + (PMI3/PMI3_ref)**0.5 / (SPAN/SPAN_ref + 1.0)))",passed,passed,scored,,,,False,False,False,"[""PMI2"", ""PMI3"", ""SPAN""]","[""PMI2"", ""PMI3"", ""SPAN""]","[""PMI2"", ""PMI3"", ""SPAN""]",[],[],False,0.5924174259176381,-2.918472409179798,[],[]
low/small_kg_rag_agent/replicate-1/round-1/h3,low/discovery/small_kg_rag_agent-replicate-1.json,low,small_kg_rag_agent,1,1,h3,shape,(AV/AV_ref) * ((LabuteASA/LabuteASA_ref) / (GeDi/GeDi_ref + 0.5)),(AV/AV_ref) * ((LabuteASA/LabuteASA_ref) / (GeDi/GeDi_ref + 0.5)),(AV/AV_ref) * ((LabuteASA/LabuteASA_ref) / (GeDi/GeDi_ref + 0.5)),passed,passed,scored,,,,False,False,False,"[""AV"", ""GeDi"", ""LabuteASA""]","[""AV"", ""GeDi"", ""LabuteASA""]","[""AV"", ""GeDi"", ""LabuteASA""]","[""evidence_ids"", ""falsification_criteria"", ""scientific_test.boundary_behavior"", ""scientific_test.physical_interpretation"", ""scientific_test.proxy_assumptions""]",[],True,0.5589485536669542,2.8959500817907275,[],"[""E03"", ""E07""]"
low/small_kg_rag_agent/replicate-1/round-2/h1,low/discovery/small_kg_rag_agent-replicate-1.json,low,small_kg_rag_agent,1,2,h1,connectivity,log(1 + (lsd_p/lsd_p_ref) * (lsd_f/lsd_f_ref) * (Vol/Vol_ref)**-0.5),log(1 + (lsd_p/lsd_p_ref) * (lsd_f/lsd_f_ref) * (Vol/Vol_ref)**-0.5),log(1 + (lsd_p/lsd_p_ref) * (lsd_f/lsd_f_ref) * (Vol/Vol_ref)**-0.5),passed,passed,scored,,,,False,False,False,"[""Vol"", ""lsd_f"", ""lsd_p""]","[""Vol"", ""lsd_f"", ""lsd_p""]","[""Vol"", ""lsd_f"", ""lsd_p""]",[],[],False,0.5590881554144405,-0.024252491517590697,[],[]
low/small_kg_rag_agent/replicate-1/round-2/h2,low/discovery/small_kg_rag_agent-replicate-1.json,low,small_kg_rag_agent,1,2,h2,rotation,"rotor_case(0.0, log(1 + (PMI2/maximum(PMI1, 1.0)))**0.5, log(1 + (PMI2/maximum(PMI1, 1.0)))**0.5 + log(1 + (PMI3/maximum(PMI2, 1.0)))**0.5)","rotor_case(0.0, (q_PMI2/maximum(q_PMI1, 0.001))**0.5, (q_PMI2/maximum(q_PMI1, 0.001))**0.5 + (q_PMI3/maximum(q_PMI2, 0.001))**0.5)","rotor_case(0.0, (q_PMI2/maximum(q_PMI1, 0.001))**0.5, (q_PMI2/maximum(q_PMI1, 0.001))**0.5 + (q_PMI3/maximum(q_PMI2, 0.001))**0.5)",rejected,passed,scored,"Incompatible dimensions in addition, subtraction, minimum or maximum; use matching units or training references",,,True,False,False,"[""PMI1"", ""PMI2"", ""PMI3""]","[""PMI1"", ""PMI2"", ""PMI3""]","[""PMI1"", ""PMI2"", ""PMI3""]","[""evidence_ids"", ""falsification_criteria"", ""formula"", ""rationale"", ""scientific_test.boundary_behavior"", ""scientific_test.physical_interpretation"", ""scientific_test.proxy_assumptions""]",[],False,0.5609970840564931,-0.35588355296698554,[],"[""E01"", ""E02"", ""E05""]"
low/small_kg_rag_agent/replicate-1/round-2/h3,low/discovery/small_kg_rag_agent-replicate-1.json,low,small_kg_rag_agent,1,2,h3,shape,(ASA/ASA_ref) / (MW/MW_ref),(ASA/ASA_ref) / (MW/MW_ref),(ASA/ASA_ref) / (MW/MW_ref),rejected,passed,scored,Wrong physical variable mapping: MW requires adsorbate_geometry_proxy,,,False,False,False,"[""ASA"", ""MW""]","[""ASA"", ""MW""]","[""ASA"", ""MW""]","[""evidence_ids"", ""falsification_criteria"", ""rationale"", ""scientific_test.boundary_behavior"", ""scientific_test.physical_interpretation"", ""scientific_test.proxy_assumptions"", ""variable_mappings.MW""]",[],False,0.5641997677522211,-0.912273860128451,[],"[""E02"", ""E04"", ""E07""]"
low/small_kg_rag_agent/replicate-1/round-3/h1,low/discovery/small_kg_rag_agent-replicate-1.json,low,small_kg_rag_agent,1,3,h1,connectivity,(lsd_p/lsd_p_ref) - (lsd_f/lsd_f_ref),log(1 + (lsd_p/lsd_p_ref) * (lsd_f/lsd_f_ref) * (Vol/Vol_ref)**-0.5),log(1 + (lsd_p/lsd_p_ref) * (lsd_f/lsd_f_ref) * (Vol/Vol_ref)**-0.5),passed,passed,scored,,,,True,False,True,"[""lsd_f"", ""lsd_p""]","[""Vol"", ""lsd_f"", ""lsd_p""]","[""Vol"", ""lsd_f"", ""lsd_p""]","[""evidence_ids"", ""falsification_criteria"", ""formula"", ""rationale"", ""scientific_test.boundary_behavior"", ""scientific_test.physical_interpretation"", ""scientific_test.proxy_assumptions"", ""variable_mappings.Vol""]",[],False,0.5590881554144405,-0.024252491517590697,"[""low/small_kg_rag_agent/replicate-1/round-2/h1""]","[""E02"", ""E04"", ""E08""]"
low/small_kg_rag_agent/replicate-1/round-3/h2,low/discovery/small_kg_rag_agent-replicate-1.json,low,small_kg_rag_agent,1,3,h2,shape,log(1 + (Vol/Vol_ref) * (PBF/PBF_ref + 0.1)),log(1 + (Vol/Vol_ref) * (PBF/PBF_ref + 0.1)),log(1 + (Vol/Vol_ref) * (PBF/PBF_ref + 0.1)),passed,passed,scored,,,,False,False,False,"[""PBF"", ""Vol""]","[""PBF"", ""Vol""]","[""PBF"", ""Vol""]",[],[],False,0.5724357291235453,-2.3430767468678844,[],[]
low/small_kg_rag_agent/replicate-1/round-3/h3,low/discovery/small_kg_rag_agent-replicate-1.json,low,small_kg_rag_agent,1,3,h3,rotation,"rotor_case(log(1 + q_PMI1), log(1 + (q_PMI2/maximum(q_PMI1, 1e-10))**0.5), log(1 + (q_PMI2/maximum(q_PMI1, 1e-10))**0.5))","rotor_case(0.0, log(1 + (PMI2/PMI2_ref)**0.5), log(1 + (q_PMI2/maximum(q_PMI1, 1e-10))**0.5))","rotor_case(0.0, log(1 + (PMI2/PMI2_ref)**0.5), log(1 + (q_PMI2/maximum(q_PMI1, 1e-10))**0.5))",passed,passed,scored,,,,True,False,False,"[""PMI1"", ""PMI2""]","[""PMI1"", ""PMI2""]","[""PMI1"", ""PMI2""]","[""evidence_ids"", ""falsification_criteria"", ""formula"", ""rationale"", ""scientific_test.boundary_behavior"", ""scientific_test.physical_interpretation"", ""scientific_test.proxy_assumptions""]",[],False,0.578194249916887,-3.3434831114666386,[],"[""E01"", ""E05"", ""E06""]"
low/small_kg_rag_agent/replicate-2/round-1/h1,low/discovery/small_kg_rag_agent-replicate-2.json,low,small_kg_rag_agent,2,1,h1,coupling,log((Vol/Vol_ref) ** 2 * (lsd_f/lsd_f_ref)),log((Vol/Vol_ref) ** 2 / (lsd_f/lsd_f_ref)),log((Vol/Vol_ref) ** 2 / (lsd_f/lsd_f_ref)),rejected,passed,scored,Formula contradicts its predeclared proxy direction,,,True,False,False,"[""Vol"", ""lsd_f""]","[""Vol"", ""lsd_f""]","[""Vol"", ""lsd_f""]","[""evidence_ids"", ""falsification_criteria"", ""formula"", ""rationale"", ""scientific_test.boundary_behavior"", ""scientific_test.physical_interpretation"", ""scientific_test.proxy_assumptions""]",[],False,0.5968553965689056,-3.68946451718157,[],"[""E04""]"
low/small_kg_rag_agent/replicate-2/round-1/h2,low/discovery/small_kg_rag_agent-replicate-2.json,low,small_kg_rag_agent,2,1,h2,rotation,"rotor_case(log1p_style_placeholder_removed, log1p_style_placeholder_removed, log((PBF/PBF_ref) ** 2 + 1))","rotor_case(0, log((PBF/PBF_ref) ** 2 + 1), log((PBF/PBF_ref) ** 2 + 1))","rotor_case(0, log((PBF/PBF_ref) ** 2 + 1), log((PBF/PBF_ref) ** 2 + 1))",rejected,passed,scored,Unsupported formula symbol or syntax,,,True,False,False,"[""PBF""]","[""PBF""]","[""PBF""]","[""evidence_ids"", ""formula"", ""rationale"", ""scientific_test.boundary_behavior"", ""scientific_test.proxy_assumptions""]",[],False,0.6027548208153805,-4.714349513770576,[],"[""E01""]"
low/small_kg_rag_agent/replicate-2/round-1/h3,low/discovery/small_kg_rag_agent-replicate-2.json,low,small_kg_rag_agent,2,1,h3,coupling,log((LabuteASA/LabuteASA_ref) / (AV/AV_ref + 1)),log((LabuteASA/LabuteASA_ref) / (AV/AV_ref + 1)),log((LabuteASA/LabuteASA_ref) / (AV/AV_ref + 1)),passed,passed,scored,,,,False,False,False,"[""AV"", ""LabuteASA""]","[""AV"", ""LabuteASA""]","[""AV"", ""LabuteASA""]","[""evidence_ids""]",[],True,0.5674415395730443,1.4204952801471753,[],"[""E04"", ""E07""]"
low/small_kg_rag_agent/replicate-2/round-2/h1,low/discovery/small_kg_rag_agent-replicate-2.json,low,small_kg_rag_agent,2,2,h1,translation,log(1 + (Vol/Vol_ref) * (lsd_p/lsd_p_ref) ** -2),log(1 + (Vol/Vol_ref) * (lsd_p/lsd_p_ref) ** -2),log(1 + (Vol/Vol_ref) * (lsd_p/lsd_p_ref) ** -2),passed,passed,scored,,,,False,False,False,"[""Vol"", ""lsd_p""]","[""Vol"", ""lsd_p""]","[""Vol"", ""lsd_p""]","[""evidence_ids"", ""falsification_criteria"", ""rationale"", ""scientific_test.boundary_behavior"", ""scientific_test.physical_interpretation"", ""scientific_test.proxy_assumptions""]",[],True,0.5657179544716917,0.29943201860354257,[],"[""E01"", ""E02"", ""E04""]"
low/small_kg_rag_agent/replicate-2/round-2/h2,low/discovery/small_kg_rag_agent-replicate-2.json,low,small_kg_rag_agent,2,2,h2,shape,log(1 + (GeDi/GeDi_ref) * (LabuteASA/LabuteASA_ref) / (1 + (PBF/PBF_ref))),log(1 + (GeDi/GeDi_ref) * (LabuteASA/LabuteASA_ref) / (1 + (PBF/PBF_ref))),log(1 + (GeDi/GeDi_ref) * (LabuteASA/LabuteASA_ref) / (1 + (PBF/PBF_ref))),passed,passed,scored,,,,False,False,False,"[""GeDi"", ""LabuteASA"", ""PBF""]","[""GeDi"", ""LabuteASA"", ""PBF""]","[""GeDi"", ""LabuteASA"", ""PBF""]","[""evidence_ids"", ""falsification_criteria"", ""rationale"", ""scientific_test.boundary_behavior"", ""scientific_test.physical_interpretation"", ""scientific_test.proxy_assumptions""]",[],False,0.5682026981293645,-0.1322332403647799,[],"[""E06""]"
low/small_kg_rag_agent/replicate-2/round-2/h3,low/discovery/small_kg_rag_agent-replicate-2.json,low,small_kg_rag_agent,2,2,h3,rotation,"rotor_case(log(1 + (LabuteASA/LabuteASA_ref)), log(1 + (PMI2/PMI2_ref) * (LabuteASA/LabuteASA_ref) ** -1), log(1 + (PMI3/PMI3_ref) * (LabuteASA/LabuteASA_ref) ** -1))","rotor_case(log(1 + (LabuteASA/LabuteASA_ref)), log(1 + (PMI2/PMI2_ref) * (LabuteASA/LabuteASA_ref) ** -1), log(1 + (PMI3/PMI3_ref) * (LabuteASA/LabuteASA_ref) ** -1))","rotor_case(log(1 + (LabuteASA/LabuteASA_ref)), log(1 + (PMI2/PMI2_ref) * (LabuteASA/LabuteASA_ref) ** -1), log(1 + (PMI3/PMI3_ref) * (LabuteASA/LabuteASA_ref) ** -1))",passed,passed,scored,,,,False,False,False,"[""LabuteASA"", ""PMI2"", ""PMI3""]","[""LabuteASA"", ""PMI2"", ""PMI3""]","[""LabuteASA"", ""PMI2"", ""PMI3""]","[""evidence_ids"", ""falsification_criteria"", ""rationale"", ""scientific_test.boundary_behavior"", ""scientific_test.physical_interpretation"", ""scientific_test.proxy_assumptions""]",[],False,0.5818518107811389,-2.503442732870028,[],"[""E01"", ""E06"", ""E09""]"
low/small_kg_rag_agent/replicate-2/round-3/h1,low/discovery/small_kg_rag_agent-replicate-2.json,low,small_kg_rag_agent,2,3,h1,coupling,log(1 + (LabuteASA/LabuteASA_ref) * (lsd_f/lsd_f_ref) ** -1),log(1 + (LabuteASA/LabuteASA_ref) * (lsd_f/lsd_f_ref) ** -1),log(1 + (LabuteASA/LabuteASA_ref) * (lsd_f/lsd_f_ref) ** -1),passed,passed,scored,,,,False,False,False,"[""LabuteASA"", ""lsd_f""]","[""LabuteASA"", ""lsd_f""]","[""LabuteASA"", ""lsd_f""]","[""evidence_ids"", ""rationale""]",[],False,0.5745088875361506,-1.5272160514927904,[],"[""E01"", ""E02"", ""E03""]"
low/small_kg_rag_agent/replicate-2/round-3/h2,low/discovery/small_kg_rag_agent-replicate-2.json,low,small_kg_rag_agent,2,3,h2,rotation,log(1 + (Vol/Vol_ref) * (PBF/PBF_ref) ** 2),log(1 + (Vol/Vol_ref) * (PBF/PBF_ref) ** 2),log(1 + (Vol/Vol_ref) * (PBF/PBF_ref) ** 2),passed,passed,scored,,,,False,False,False,"[""PBF"", ""Vol""]","[""PBF"", ""Vol""]","[""PBF"", ""Vol""]","[""evidence_ids"", ""rationale""]",[],False,0.5732527452458805,-1.3089911310443243,[],"[""E03"", ""E06"", ""E07""]"
low/small_kg_rag_agent/replicate-2/round-3/h3,low/discovery/small_kg_rag_agent-replicate-2.json,low,small_kg_rag_agent,2,3,h3,connectivity,log(1 + (ASA/ASA_ref) * (density/density_ref) ** -1),log(1 + (ASA/ASA_ref) * (density/density_ref) ** 1),log(1 + (ASA/ASA_ref) * (density/density_ref) ** 1),passed,passed,scored,,,,True,False,False,"[""ASA"", ""density""]","[""ASA"", ""density""]","[""ASA"", ""density""]","[""evidence_ids"", ""falsification_criteria"", ""formula"", ""rationale"", ""scientific_test.boundary_behavior"", ""scientific_test.descriptor_direction"", ""scientific_test.physical_interpretation"", ""scientific_test.proxy_assumptions""]",[],True,0.5601853331540405,0.9611616902543443,[],"[""E02""]"
low/small_kg_rag_agent/replicate-3/round-1/h1,low/discovery/small_kg_rag_agent-replicate-3.json,low,small_kg_rag_agent,3,1,h1,translation,log(1 + (SPAN / SPAN_ref) * (MW / MW_ref) / (lsd_f / lsd_f_ref)),log(1 + (SPAN / SPAN_ref) * (MW / MW_ref) / (lsd_f / lsd_f_ref)),log(1 + (SPAN / SPAN_ref) * (MW / MW_ref) * (lsd_f / lsd_f_ref)),passed,rejected,scored,,Formula contradicts its predeclared proxy direction,,False,True,False,"[""MW"", ""SPAN"", ""lsd_f""]","[""MW"", ""SPAN"", ""lsd_f""]","[""MW"", ""SPAN"", ""lsd_f""]","[""evidence_ids"", ""falsification_criteria"", ""physical_claims"", ""rationale"", ""scientific_test.boundary_behavior"", ""scientific_test.descriptor_direction"", ""scientific_test.physical_interpretation"", ""scientific_test.proxy_assumptions""]","[""formula"", ""scientific_test.boundary_behavior""]",False,0.604409860601252,-5.0018734100747295,[],"[""E02"", ""E03"", ""E04""]"
low/small_kg_rag_agent/replicate-3/round-1/h2,low/discovery/small_kg_rag_agent-replicate-3.json,low,small_kg_rag_agent,3,1,h2,rotation,"rotor_case(log(1 + (PMI3 / PMI3_ref)), log(1 + (PMI3 / PMI3_ref) * (PBF / PBF_ref)), log(1 + (PMI3 / PMI3_ref) * (PBF / PBF_ref)))","rotor_case(log(1 + (PMI3 / PMI3_ref)), log(1 + (PMI3 / PMI3_ref) * (PBF / PBF_ref)), log(1 + (PMI3 / PMI3_ref) * (PBF / PBF_ref)))","rotor_case(log(1 + (PMI3 / PMI3_ref)), log(1 + (PMI3 / PMI3_ref) * (PBF / PBF_ref)), log(1 + (PMI3 / PMI3_ref) * (PBF / PBF_ref)))",passed,passed,scored,,,,False,False,False,"[""PBF"", ""PMI3""]","[""PBF"", ""PMI3""]","[""PBF"", ""PMI3""]","[""evidence_ids"", ""physical_claims"", ""rationale"", ""scientific_test.boundary_behavior"", ""scientific_test.physical_interpretation"", ""scientific_test.proxy_assumptions""]",[],False,0.6222959887616029,-8.109163822281552,[],"[""E01"", ""E02"", ""E05"", ""E06""]"
low/small_kg_rag_agent/replicate-3/round-1/h3,low/discovery/small_kg_rag_agent-replicate-3.json,low,small_kg_rag_agent,3,1,h3,connectivity,log(1 + (Vol / Vol_ref) / (0.1 + AV / AV_ref)),log(1 + (Vol / Vol_ref) / (0.1 + AV / AV_ref)),log(1 + (Vol / Vol_ref) / (0.1 + AV / AV_ref)),passed,passed,scored,,,,False,False,False,"[""AV"", ""Vol""]","[""AV"", ""Vol""]","[""AV"", ""Vol""]","[""evidence_ids"", ""falsification_criteria"", ""physical_claims"", ""rationale"", ""scientific_test.boundary_behavior"", ""scientific_test.physical_interpretation"", ""scientific_test.proxy_assumptions""]",[],True,0.5686780017748753,1.2056893081469144,[],"[""E03"", ""E07""]"
low/small_kg_rag_agent/replicate-3/round-2/h1,low/discovery/small_kg_rag_agent-replicate-3.json,low,small_kg_rag_agent,3,2,h1,translation,log(1 + (SPAN / SPAN_ref) * exp(-(lsd_f / lsd_f_ref))),log(1 + (SPAN / SPAN_ref) * (lsd_f_ref / lsd_f)),log(1 + (SPAN / SPAN_ref) * (lsd_f_ref / lsd_f)),passed,passed,scored,,,,True,False,False,"[""SPAN"", ""lsd_f""]","[""SPAN"", ""lsd_f""]","[""SPAN"", ""lsd_f""]","[""evidence_ids"", ""falsification_criteria"", ""formula"", ""rationale"", ""scientific_test.boundary_behavior"", ""scientific_test.physical_interpretation"", ""scientific_test.proxy_assumptions""]",[],False,0.5559188536617439,2.2165992686861222,[],"[""E01"", ""E02"", ""E04""]"
low/small_kg_rag_agent/replicate-3/round-2/h2,low/discovery/small_kg_rag_agent-replicate-3.json,low,small_kg_rag_agent,3,2,h2,rotation,"rotor_case(log(1 + PBF / PBF_ref), log(1 + (PBF / PBF_ref) * (PMI3 / PMI3_ref) / (0.1 + LabuteASA / LabuteASA_ref)), log(1 + (PBF / PBF_ref) * (PMI3 / PMI3_ref) / (0.1 + LabuteASA / LabuteASA_ref)))","rotor_case(log(1 + PBF / PBF_ref), log(1 + (PBF / PBF_ref) * (PMI3 / PMI3_ref)), log(1 + (PBF / PBF_ref) * (PMI3 / PMI3_ref)))","rotor_case(log(1 + PBF / PBF_ref), log(1 + (PBF / PBF_ref) * (PMI3 / PMI3_ref)), log(1 + (PBF / PBF_ref) * (PMI3 / PMI3_ref)))",passed,passed,scored,,,,True,False,True,"[""LabuteASA"", ""PBF"", ""PMI3""]","[""PBF"", ""PMI3""]","[""PBF"", ""PMI3""]","[""evidence_ids"", ""falsification_criteria"", ""formula"", ""rationale"", ""scientific_test.boundary_behavior"", ""scientific_test.physical_interpretation"", ""scientific_test.proxy_assumptions"", ""variable_mappings.LabuteASA""]",[],False,0.5511675262408827,3.0420296808881795,[],"[""E01"", ""E02"", ""E03""]"
low/small_kg_rag_agent/replicate-3/round-2/h3,low/discovery/small_kg_rag_agent-replicate-3.json,low,small_kg_rag_agent,3,2,h3,coupling,log(1 + (Vol / Vol_ref) / (0.1 + AV / AV_ref)),log(1 + (Vol / Vol_ref) / (0.1 + lsd_p / lsd_p_ref)),log(1 + (Vol / Vol_ref) / (0.1 + lsd_p / lsd_p_ref)),rejected,passed,scored,Redundant with a current input,,,True,False,True,"[""AV"", ""Vol""]","[""Vol"", ""lsd_p""]","[""Vol"", ""lsd_p""]","[""evidence_ids"", ""falsification_criteria"", ""formula"", ""novelty_status"", ""physical_claims"", ""rationale"", ""scientific_test.boundary_behavior"", ""scientific_test.physical_interpretation"", ""scientific_test.proxy_assumptions"", ""scientific_test.regime_input"", ""scientific_test.vary_input"", ""variable_mappings.AV"", ""variable_mappings.lsd_p""]",[],True,0.5335508556416868,6.1025082348343975,[],"[""E02"", ""E04"", ""E08""]"
low/small_kg_rag_agent/replicate-3/round-3/h1,low/discovery/small_kg_rag_agent-replicate-3.json,low,small_kg_rag_agent,3,3,h1,coupling,log(1 + (LabuteASA / LabuteASA_ref) * (AV_ref / (0.1 + AV))),log(1 + (LabuteASA / LabuteASA_ref) * (AV_ref / (0.1 + AV))),log(1 + (LabuteASA / LabuteASA_ref) / (0.1 + AV / AV_ref)),rejected,rejected,scored,"Incompatible dimensions in addition, subtraction, minimum or maximum; use matching units or training references","Incompatible dimensions in addition, subtraction, minimum or maximum; use matching units or training references",,False,True,False,"[""AV"", ""LabuteASA""]","[""AV"", ""LabuteASA""]","[""AV"", ""LabuteASA""]",[],"[""formula"", ""scientific_test.boundary_behavior""]",False,0.5609828190929489,-4.765652815183822,[],[]
low/small_kg_rag_agent/replicate-3/round-3/h2,low/discovery/small_kg_rag_agent-replicate-3.json,low,small_kg_rag_agent,3,3,h2,rotation,"rotor_case(log(1 + (PMI1 / PMI1_ref)), log(1 + (PMI2 / PMI2_ref)), log(1 + (PMI2 / PMI2_ref)))","rotor_case(log(1 + (PMI1 / PMI1_ref)), log(1 + (PMI2 / PMI2_ref)), log(1 + (PMI2 / PMI2_ref)))","rotor_case(log(1 + (PMI1 / PMI1_ref)), log(1 + (PMI2 / PMI2_ref)), log(1 + (PMI2 / PMI2_ref)))",passed,passed,scored,,,,False,False,False,"[""PMI1"", ""PMI2""]","[""PMI1"", ""PMI2""]","[""PMI1"", ""PMI2""]",[],[],False,0.5768244585209286,-7.517761816466592,[],[]
low/small_kg_rag_agent/replicate-3/round-3/h3,low/discovery/small_kg_rag_agent-replicate-3.json,low,small_kg_rag_agent,3,3,h3,translation,log(1 + (Vol / Vol_ref) / (0.1 + AV / AV_ref)),log(1 + (Vol / Vol_ref) / (0.1 + ASA / ASA_ref)),log(1 + (Vol / Vol_ref) / (0.1 + ASA / ASA_ref)),rejected,passed,scored,Redundant with a current input,,,True,False,True,"[""AV"", ""Vol""]","[""ASA"", ""Vol""]","[""ASA"", ""Vol""]","[""evidence_ids"", ""falsification_criteria"", ""formula"", ""novelty_status"", ""rationale"", ""scientific_test.boundary_behavior"", ""scientific_test.physical_interpretation"", ""scientific_test.proxy_assumptions"", ""scientific_test.regime_input"", ""variable_mappings.ASA"", ""variable_mappings.AV""]",[],False,0.5672182964641227,-5.84891906919242,[],"[""E04"", ""E07""]"
